Date,Name,Year,Letterboxd URI
2025-10-13,Harakiri,1962,https://boxd.it/1NTU
2025-10-13,One Battle After Another,2025,https://boxd.it/DUHM
2025-10-13,Magnolia,1999,https://boxd.it/2aze
2025-10-13,The Color of Pomegranates,1969,https://boxd.it/1u94
2025-10-13,The Last Samurai,2003,https://boxd.it/29ZA
2025-10-13,"Tokyo Towers: Mom and Me, and Sometimes Dad",2007,https://boxd.it/12wE
2025-10-13,A.I. Artificial Intelligence,2001,https://boxd.it/29Ve
2025-10-13,Corpse Bride,2005,https://boxd.it/24WQ
2025-10-13,Gladiator,2000,https://boxd.it/2b9m
2025-10-13,Collateral,2004,https://boxd.it/28F0
2025-10-13,Sherlock Holmes,2009,https://boxd.it/1W2A
2025-10-13,The Mist,2007,https://boxd.it/22r2
2025-10-13,Father of the Bride,1991,https://boxd.it/1SWY
2025-10-13,Father of the Bride Part II,1995,https://boxd.it/1SUo
2025-10-13,Patch Adams,1998,https://boxd.it/1Wzk
2025-10-13,The Birdcage,1996,https://boxd.it/1UTi
2025-10-13,It Chapter Two,2019,https://boxd.it/h10u
2025-10-13,The Life of Chuck,2024,https://boxd.it/vMTu
2025-10-13,Manon,1949,https://boxd.it/4igy
2025-10-13,Alice in Wonderland,1951,https://boxd.it/1Sz6
2025-10-13,One Hundred and One Dalmatians,1961,https://boxd.it/1SeC
2025-10-13,The Jungle Book,1967,https://boxd.it/1YY2
2025-10-13,Starman,1984,https://boxd.it/1Y6O
2025-10-13,Surf's Up,2007,https://boxd.it/1YKY
2025-10-13,K-PAX,2001,https://boxd.it/2aYo
2025-10-13,The Karate Kid Part II,1986,https://boxd.it/1ZJM
2025-10-13,The Karate Kid Part III,1989,https://boxd.it/1W7q
2025-10-13,Over the Top,1987,https://boxd.it/2852
2025-10-13,Short Circuit,1986,https://boxd.it/26zY
2025-10-13,Cocoon,1985,https://boxd.it/1Wx4
2025-10-13,*batteries not included,1987,https://boxd.it/1TAk
2025-10-13,Casper: A Spirited Beginning,1997,https://boxd.it/13Tu
2025-10-13,The Seed of Man,1969,https://boxd.it/3EzK
2025-10-13,Midnight Run,1988,https://boxd.it/1ZnQ
2025-10-13,A Prairie Home Companion,2006,https://boxd.it/1YsA
2025-10-13,The Aerial,2007,https://boxd.it/1Qq2
2025-10-13,The Secret of the Grain,2007,https://boxd.it/20q2
2025-10-13,"4 Months, 3 Weeks and 2 Days",2007,https://boxd.it/27DW
2025-10-13,10 Things I Hate About You,1999,https://boxd.it/23AO
2025-10-13,The Princess and the Warrior,2000,https://boxd.it/1Z1A
2025-10-13,Desert Moon,2001,https://boxd.it/5xUg
2025-10-13,Norwegian Wood,2010,https://boxd.it/m4S
2025-10-13,F1,2025,https://boxd.it/yjVM
2025-10-13,Call Me by Your Name,2017,https://boxd.it/dYmm
2025-10-13,The Menu,2022,https://boxd.it/lScm
2025-10-13,Superman,2025,https://boxd.it/E9IU
2025-10-13,Teheran '43,1981,https://boxd.it/26Re
2025-10-13,The Secret of the Third Planet,1981,https://boxd.it/F9W
2025-10-13,Stone,1992,https://boxd.it/4atY
2025-10-13,The Unknown Woman,2006,https://boxd.it/gZe
2025-10-13,Spy,2015,https://boxd.it/71Ks
2025-10-13,The Bucket List,2007,https://boxd.it/20Ye
2025-10-13,The Killing Fields,1984,https://boxd.it/29Yi
2025-10-13,Star Wars: Episode III – Revenge of the Sith,2005,https://boxd.it/27US
2025-10-13,Dune,2021,https://boxd.it/fA7G
2025-10-13,Rush Hour 3,2007,https://boxd.it/23gk
2025-10-13,Anora,2024,https://boxd.it/Egcw
2025-10-13,Silence,2016,https://boxd.it/2cAo
2025-10-13,The Irishman,2019,https://boxd.it/dYOq
2025-10-13,A Star Is Born,2018,https://boxd.it/aXgc
2025-10-13,Thor: Love and Thunder,2022,https://boxd.it/mMAY
2025-10-13,Dungeons & Dragons: Honor Among Thieves,2023,https://boxd.it/hN1A
2025-10-13,Silver Linings Playbook,2012,https://boxd.it/2TTo
2025-10-13,As Good as It Gets,1997,https://boxd.it/268y
2025-10-13,Gladiator II,2024,https://boxd.it/kqQQ
2025-10-13,Ferrari,2023,https://boxd.it/cEtq
2025-10-13,The Woman in the Window,2021,https://boxd.it/iT56
2025-10-13,Conclave,2024,https://boxd.it/AO8q
2025-10-13,Wild Mountain Thyme,2020,https://boxd.it/nhok
2025-10-13,Mickey 17,2025,https://boxd.it/q1Dk
2025-10-13,Quo Vadis,2001,https://boxd.it/izW
2025-10-13,Interstellar,2014,https://boxd.it/4VZ8
2025-10-13,The Return,2024,https://boxd.it/AQbG
2025-10-13,The Desert of the Tartars,1976,https://boxd.it/J2K
2025-10-13,The Tall Blond Man with One Black Shoe,1972,https://boxd.it/1Szq
2025-10-13,The ComDads,1983,https://boxd.it/1W9c
2025-10-13,Bender: The Beginning,2021,https://boxd.it/vqhe
2025-10-13,Son of a Rich,2019,https://boxd.it/l9hG
2025-10-13,Look at Me!,2024,https://boxd.it/Myc6
2025-10-13,Blue Cave,2024,https://boxd.it/QtR2
2025-10-13,Love & Art,2024,https://boxd.it/Mlig
2025-10-13,The Fall Guy,2024,https://boxd.it/s0Bm
2025-10-13,Eternals,2021,https://boxd.it/j36o
2025-10-13,Shadow,2018,https://boxd.it/gzLi
2025-10-13,The Crossing II,2015,https://boxd.it/9l3M
2025-10-13,This Is Not What I Expected,2017,https://boxd.it/g8tm
2025-10-13,Sinbad: Legend of the Seven Seas,2003,https://boxd.it/1Oa2
2025-10-13,All Quiet on the Western Front,2022,https://boxd.it/H08
2025-10-13,Indiana Jones and the Dial of Destiny,2023,https://boxd.it/b8vM
2025-10-13,Mission: Impossible – Dead Reckoning,2023,https://boxd.it/l7zS
2025-10-13,Elemental,2023,https://boxd.it/ASiE
2025-10-13,The Killer,2023,https://boxd.it/u6WE
2025-10-13,Rush Hour 2,2001,https://boxd.it/23ga
2025-10-13,Munich – The Edge of War,2021,https://boxd.it/sy84
2025-10-13,The Flash,2023,https://boxd.it/9twC
2025-10-13,Narcissus and Goldmund,2020,https://boxd.it/nWGO
2025-10-13,Guardians of the Galaxy Vol. 3,2023,https://boxd.it/fVNI
2025-10-13,Oppenheimer,2023,https://boxd.it/wUow
2025-10-13,Dune: Part Two,2024,https://boxd.it/pUfA
2025-10-13,A Family Affair,2024,https://boxd.it/Bj9O
2025-10-13,Deadpool 2,2018,https://boxd.it/dlLM
2025-10-13,Love Tactics 2,2023,https://boxd.it/H9AW
2025-10-13,The Cut,2014,https://boxd.it/7kwE
2025-10-13,Amerikatsi,2022,https://boxd.it/BKN2
2025-10-13,Blade Runner 2049,2017,https://boxd.it/b8wK
2025-10-13,I Come with the Rain,2009,https://boxd.it/1jHE
2025-10-13,Anatomy of a Fall,2023,https://boxd.it/yuDE
2025-10-13,Next Goal Wins,2023,https://boxd.it/mZTu
2025-10-13,Poor Things,2023,https://boxd.it/tNWU
2025-10-13,Remember the Titans,2000,https://boxd.it/1VLk
2025-10-13,A Haunting in Venice,2023,https://boxd.it/zGdg
2025-10-13,The Creator,2023,https://boxd.it/oXWq
2025-10-13,Despicable Me,2010,https://boxd.it/1DD8
2025-10-13,The Boy and the Heron,2023,https://boxd.it/ipeM
2025-10-13,Ford v Ferrari,2019,https://boxd.it/ce74
2025-10-13,Wish,2023,https://boxd.it/CFtS
2025-10-13,The Iron Claw,2023,https://boxd.it/w5Pm
2025-10-13,Scrapper,2023,https://boxd.it/zht4
2025-10-13,Killers of the Flower Moon,2023,https://boxd.it/gHp0
2025-10-13,The Holdovers,2023,https://boxd.it/vHza
2025-10-13,Napoleon,2023,https://boxd.it/shJM
2025-10-13,Breaking Away,1979,https://boxd.it/1DMO
2025-10-13,Hoosiers,1986,https://boxd.it/22Ke
2025-10-13,Bedazzled,2000,https://boxd.it/28qu
2025-10-13,Half Nelson,2006,https://boxd.it/20Ng
2025-10-13,The Believer,2001,https://boxd.it/24Qy
2025-10-13,Barbie,2023,https://boxd.it/bCLK
2025-10-13,Man of La Mancha,1972,https://boxd.it/OGU
2025-10-13,Spider-Man: Across the Spider-Verse,2023,https://boxd.it/kSz4
2025-10-13,Distance,2001,https://boxd.it/1wvc
2025-10-13,I Wish,2011,https://boxd.it/2L3k
2025-10-13,The Little Mermaid,2023,https://boxd.it/fVum
2025-10-13,The Class,2008,https://boxd.it/1ZMc
2025-10-13,Love Again,2023,https://boxd.it/su1S
2025-10-13,Barefoot Gen,1983,https://boxd.it/1OMK
2025-10-13,Air,2023,https://boxd.it/Arlc
2025-10-13,Guy Ritchie's The Covenant,2023,https://boxd.it/xjcK
2025-10-13,The Place Promised in Our Early Days,2004,https://boxd.it/1R3I
2025-10-13,Suzume,2022,https://boxd.it/yv7Y
2025-10-13,Last Summer Wars,2022,https://boxd.it/BDQI
2025-10-13,Wolf Children,2012,https://boxd.it/3Ipk
2025-10-13,The Girl Who Leapt Through Time,2006,https://boxd.it/1OPa
2025-10-13,Belle,2021,https://boxd.it/tbEe
2025-10-13,"Josee, the Tiger and the Fish",2020,https://boxd.it/oh1i
2025-10-13,Mirai,2018,https://boxd.it/h2Hu
2025-10-13,Weathering with You,2019,https://boxd.it/kPxE
2025-10-13,Maquia: When the Promised Flower Blooms,2018,https://boxd.it/h6bM
2025-10-13,Babylon,2022,https://boxd.it/mM02
2025-10-13,The Lost City,2022,https://boxd.it/sg0Q
2025-10-13,Bullet Train,2022,https://boxd.it/qW26
2025-10-13,John Wick: Chapter 4,2023,https://boxd.it/mh48
2025-10-13,65,2023,https://boxd.it/qbus
2025-10-13,Death Loop,2021,https://boxd.it/H8po
2025-10-13,The Gray Man,2022,https://boxd.it/rb7q
2025-10-13,Confessions of Felix Krull,2021,https://boxd.it/vvJC
2025-10-13,Amsterdam,2022,https://boxd.it/oJ58
2025-10-13,Glass Onion,2022,https://boxd.it/oCkK
2025-10-13,The Banshees of Inisherin,2022,https://boxd.it/p7XS
2025-10-13,The Fabelmans,2022,https://boxd.it/ugoM
2025-10-13,Avatar: The Way of Water,2022,https://boxd.it/2E2E
2025-10-13,Top Gun: Maverick,2022,https://boxd.it/cjr4
2025-10-13,Guillermo del Toro's Pinocchio,2022,https://boxd.it/kjMW
2025-10-13,Turning Red,2022,https://boxd.it/ipkq
2025-10-13,Tears of the Sun,2003,https://boxd.it/1YlY
2025-10-13,Hart's War,2002,https://boxd.it/1VSg
2025-10-13,The Kid,2000,https://boxd.it/24Da
2025-10-13,Cloud Atlas,2012,https://boxd.it/2W60
2025-10-13,Everything Everywhere All at Once,2022,https://boxd.it/jUk4
2025-10-13,The Fog,1980,https://boxd.it/29Cc
2025-10-13,"Dude, Where's My Car?",2000,https://boxd.it/1ZJi
2025-10-13,The Best Movie,2008,https://boxd.it/aAM
2025-10-13,Everybody Dies But Me,2008,https://boxd.it/1j98
2025-10-13,Lost and Found in Armenia,2012,https://boxd.it/60FE
2025-10-13,The Dark Knight,2008,https://boxd.it/2b0k
2025-10-13,The Northman,2022,https://boxd.it/nK2s
2025-10-13,The Batman,2022,https://boxd.it/eDGs
2025-10-13,Uncharted,2022,https://boxd.it/b5Dy
2025-10-13,Wild Target,2010,https://boxd.it/SGk
2025-10-13,Their Finest,2016,https://boxd.it/bjl4
2025-10-13,The Guernsey Literary & Potato Peel Pie Society,2018,https://boxd.it/g68w
2025-10-13,Last Looks,2021,https://boxd.it/kpCI
2025-10-13,Book of Love,2022,https://boxd.it/xJ14
2025-10-13,Archive,2020,https://boxd.it/mnyy
2025-10-13,Nightmare Alley,1947,https://boxd.it/1Fya
2025-10-13,Queen of the Desert,2015,https://boxd.it/4WD8
2025-10-13,Damsel,2017,https://boxd.it/aLbO
2025-10-13,Nightmare Alley,2021,https://boxd.it/m0HC
2025-10-13,The Lighthouse,2019,https://boxd.it/icFU
2025-10-13,Highlander,1986,https://boxd.it/20GE
2025-10-13,Blow Dry,2001,https://boxd.it/1J0w
2025-10-13,Nanny McPhee,2005,https://boxd.it/1Uek
2025-10-13,Mozart and the Whale,2005,https://boxd.it/1zba
2025-10-13,Sing 2,2021,https://boxd.it/fAnE
2025-10-13,The Tender Bar,2021,https://boxd.it/rgLq
2025-10-13,Harry Potter and the Deathly Hallows: Part 2,2011,https://boxd.it/1RYk
2025-10-13,Harry Potter 20th Anniversary: Return to Hogwarts,2022,https://boxd.it/xXJk
2025-10-13,Harry Potter and the Goblet of Fire,2005,https://boxd.it/29Qo
2025-10-13,Harry Potter and the Order of the Phoenix,2007,https://boxd.it/29Qe
2025-10-13,Harry Potter and the Half-Blood Prince,2009,https://boxd.it/29FU
2025-10-13,Harry Potter and the Deathly Hallows: Part 1,2010,https://boxd.it/1RYu
2025-10-13,Harry Potter and the Philosopher's Stone,2001,https://boxd.it/29QS
2025-10-13,Harry Potter and the Chamber of Secrets,2002,https://boxd.it/29QI
2025-10-13,Harry Potter and the Prisoner of Azkaban,2004,https://boxd.it/29Qy
2025-10-13,Licorice Pizza,2021,https://boxd.it/qTKY
2025-10-13,"Love, Rosie",2014,https://boxd.it/62hE
2025-10-13,Warcraft,2016,https://boxd.it/2czK
2025-10-13,The Hating Game,2021,https://boxd.it/mhiE
2025-10-13,Me Before You,2016,https://boxd.it/9n98
2025-10-13,Frequency,2000,https://boxd.it/1VXA
2025-10-13,Serendipity,2001,https://boxd.it/1XPy
2025-10-13,Manchester by the Sea,2016,https://boxd.it/b2L0
2025-10-13,At Eternity's Gate,2018,https://boxd.it/hI40
2025-10-13,Little Women,2019,https://boxd.it/aSVk
2025-10-13,A Rainy Day in New York,2019,https://boxd.it/h2z6
2025-10-13,The Shipping News,2001,https://boxd.it/21Ho
2025-10-13,Heaven,2002,https://boxd.it/1VV0
2025-10-13,The Life Aquatic with Steve Zissou,2004,https://boxd.it/2aqw
2025-10-13,Being the Ricardos,2021,https://boxd.it/iJQc
2025-10-13,Don't Look Up,2021,https://boxd.it/o0Hc
2025-10-13,The Boy and the Beast,2015,https://boxd.it/aaRe
2025-10-13,Knives Out,2019,https://boxd.it/jWEA
2025-10-13,The Last Duel,2021,https://boxd.it/mQbe
2025-10-13,House of Gucci,2021,https://boxd.it/nVkC
2025-10-13,Adventureland,2009,https://boxd.it/1JTQ
2025-10-13,Crazy Rich Asians,2018,https://boxd.it/gfnK
2025-10-13,Last Christmas,2019,https://boxd.it/k38G
2025-10-13,Zack Snyder's Justice League,2021,https://boxd.it/tLOk
2025-10-13,The Eyes of Tammy Faye,2021,https://boxd.it/mbB6
2025-10-13,Spider-Man: No Way Home,2021,https://boxd.it/nwRw
2025-10-13,Raya and the Last Dragon,2021,https://boxd.it/jbkI
2025-10-13,"tick, tick... BOOM!",2021,https://boxd.it/jz2e
2025-10-13,Encanto,2021,https://boxd.it/kPRu
2025-10-13,Ghostbusters: Afterlife,2021,https://boxd.it/f4Pw
2025-10-13,The Devil All the Time,2020,https://boxd.it/i2tY
2025-10-13,No Time to Die,2021,https://boxd.it/cPX2
2025-10-13,Free Guy,2021,https://boxd.it/k8dm
2025-10-13,Luca,2021,https://boxd.it/ipjC
2025-10-13,Aquaman,2018,https://boxd.it/9ru0
2025-10-13,Soul,2020,https://boxd.it/ioLA
2025-10-13,Parasite,2019,https://boxd.it/hTha
2025-10-13,Assassin's Creed,2016,https://boxd.it/41IK
2025-10-13,Transformers: The Last Knight,2017,https://boxd.it/b8xo
2025-10-13,Betrayal,1983,https://boxd.it/4tk2
2025-10-13,Tenet,2020,https://boxd.it/leq4
2025-10-13,The King,2019,https://boxd.it/ieZs
2025-10-13,Sputnik,2020,https://boxd.it/lUya
2025-10-13,Onward,2020,https://boxd.it/io92
2025-10-13,Bombshell,2019,https://boxd.it/j5YC
2025-10-13,The Report,2019,https://boxd.it/j2X2
2025-10-13,The Gentlemen,2019,https://boxd.it/iYBQ
2025-10-13,Jojo Rabbit,2019,https://boxd.it/iEBG
2025-10-13,1917,2019,https://boxd.it/jj4y
2025-10-13,Klaus,2019,https://boxd.it/ipoi
2025-10-13,I'm Not There,2007,https://boxd.it/24Ys
2025-10-13,Mission: Impossible – Fallout,2018,https://boxd.it/bSVc
2025-10-13,The Laundromat,2019,https://boxd.it/iLUK
2025-10-13,Space Jam,1996,https://boxd.it/26YO
2025-10-13,Ghostbusters II,1989,https://boxd.it/261s
2025-10-13,Vice,2007,https://boxd.it/1bt0
2025-10-13,The Dead Don't Die,2019,https://boxd.it/juZg
2025-10-13,Avatar,2009,https://boxd.it/1Efm
2025-10-13,The Lion King,2019,https://boxd.it/eSjI
2025-10-13,The Two Popes,2019,https://boxd.it/k8Xk
2025-10-13,Black Panther,2018,https://boxd.it/8MHs
2025-10-13,Spider-Man: Homecoming,2017,https://boxd.it/aboM
2025-10-13,Spider-Man: Far From Home,2019,https://boxd.it/fegG
2025-10-13,Avengers: Endgame,2019,https://boxd.it/9vE4
2025-10-13,Star Wars: The Rise of Skywalker,2019,https://boxd.it/5xlK
2025-10-13,Triple Frontier,2019,https://boxd.it/dZUO
2025-10-13,"Extremely Wicked, Shockingly Evil and Vile",2019,https://boxd.it/glCG
2025-10-13,Joker,2019,https://boxd.it/h4cS
2025-10-13,Once Upon a Time... in Hollywood,2019,https://boxd.it/gH0O
2025-10-13,Marriage Story,2019,https://boxd.it/hJAw
2025-10-13,Aladdin,2019,https://boxd.it/eSjy
2025-10-13,Green Book,2018,https://boxd.it/hErk
2025-10-13,The Sisters Brothers,2018,https://boxd.it/fDFm
2025-10-13,Grudge Match,2013,https://boxd.it/9w
2025-10-13,Rocky II,1979,https://boxd.it/28Ua
2025-10-13,Creed,2015,https://boxd.it/a2qk
2025-10-13,Beauty and the Beast,2017,https://boxd.it/ar0c
2025-10-13,First Man,2018,https://boxd.it/cPym
2025-10-13,Mary Poppins Returns,2018,https://boxd.it/e4nU
2025-10-13,Spider-Man: Into the Spider-Verse,2018,https://boxd.it/azpY
2025-10-13,Bumblebee,2018,https://boxd.it/f21O
2025-10-13,The Man Who Killed Don Quixote,2018,https://boxd.it/9rkY
2025-10-13,BlacKkKlansman,2018,https://boxd.it/hxL8
2025-10-13,Training Day,2001,https://boxd.it/27A4
2025-10-13,The Ides of March,2011,https://boxd.it/1WyG
2025-10-13,Stay,2005,https://boxd.it/20BE
2025-10-13,Only God Forgives,2013,https://boxd.it/2HBs
2025-10-13,The Hangover,2009,https://boxd.it/1GjK
2025-10-13,Destination Wedding,2018,https://boxd.it/hE1Q
2025-10-13,Bill & Ted's Excellent Adventure,1989,https://boxd.it/28oI
2025-10-13,Man of Tai Chi,2013,https://boxd.it/2DUq
2025-10-13,Street Kings,2008,https://boxd.it/28Yw
2025-10-13,The Night Before,1988,https://boxd.it/14M0
2025-10-13,River's Edge,1986,https://boxd.it/1C7q
2025-10-13,The Real McCoy,1993,https://boxd.it/27yi
2025-10-13,Top Gun,1986,https://boxd.it/29JC
2025-10-13,Mamma Mia! Here We Go Again,2018,https://boxd.it/gnfO
2025-10-13,Mission: Impossible,1996,https://boxd.it/29d2
2025-10-13,Paprika,2006,https://boxd.it/23wW
2025-10-13,Professor Marston and the Wonder Women,2017,https://boxd.it/eRPS
2025-10-13,Wonder Woman,2017,https://boxd.it/9roG
2025-10-13,Daredevil,2003,https://boxd.it/1YzG
2025-10-13,"Batman: The Dark Knight Returns, Part 2",2013,https://boxd.it/4xzg
2025-10-13,"Batman: The Dark Knight Returns, Part 1",2012,https://boxd.it/43Is
2025-10-13,You've Got Mail,1998,https://boxd.it/1Yye
2025-10-13,Hocus Pocus,1993,https://boxd.it/1Wgi
2025-10-13,What Dreams May Come,1998,https://boxd.it/1SoM
2025-10-13,Annihilation,2018,https://boxd.it/9yzm
2025-10-13,A Separation,2011,https://boxd.it/gvo
2025-10-13,Fahrenheit 451,2018,https://boxd.it/e7Dm
2025-10-13,Isle of Dogs,2018,https://boxd.it/dZrW
2025-10-13,Constantine,2005,https://boxd.it/2a7E
2025-10-13,John Wick: Chapter 2,2017,https://boxd.it/ayGu
2025-10-13,Justice League,2017,https://boxd.it/4w68
2025-10-13,Iron Man 3,2013,https://boxd.it/2cBQ
2025-10-13,Iron Man 2,2010,https://boxd.it/1WZM
2025-10-13,In the Heart of the Sea,2015,https://boxd.it/6avY
2025-10-13,Avengers: Age of Ultron,2015,https://boxd.it/3qi6
2025-10-13,Thor: Ragnarok,2017,https://boxd.it/8MHi
2025-10-13,Doctor Strange,2016,https://boxd.it/8MH8
2025-10-13,Avengers: Infinity War,2018,https://boxd.it/9vEe
2025-10-13,Ready Player One,2018,https://boxd.it/aZes
2025-10-13,Joseph: King of Dreams,2000,https://boxd.it/1KfM
2025-10-13,A Silent Voice: The Movie,2016,https://boxd.it/d99c
2025-10-13,Your Name.,2016,https://boxd.it/cUqs
2025-10-13,A Scanner Darkly,2006,https://boxd.it/25jK
2025-10-13,Toy Story 3,2010,https://boxd.it/1WRe
2025-10-13,"Three Billboards Outside Ebbing, Missouri",2017,https://boxd.it/ceBS
2025-10-13,The Post,2017,https://boxd.it/fTeG
2025-10-13,The Shape of Water,2017,https://boxd.it/dZ5m
2025-10-13,The Man Who Came to Dinner,1941,https://boxd.it/1u78
2025-10-13,Phantom Thread,2017,https://boxd.it/e4uc
2025-10-13,Darkest Hour,2017,https://boxd.it/dZZa
2025-10-13,Now You See Me 2,2016,https://boxd.it/99fw
2025-10-13,Kingsman: The Golden Circle,2017,https://boxd.it/buJm
2025-10-13,Inferno,2016,https://boxd.it/6dMS
2025-10-13,The Greatest Showman,2017,https://boxd.it/acjI
2025-10-13,Logan Lucky,2017,https://boxd.it/dZrs
2025-10-13,Water for Elephants,2011,https://boxd.it/r02
2025-10-13,Three Seconds,2017,https://boxd.it/fNJS
2025-10-13,One Fine Day,1996,https://boxd.it/211i
2025-10-13,This Is Where I Leave You,2014,https://boxd.it/73kQ
2025-10-13,Star Wars: The Last Jedi,2017,https://boxd.it/5xme
2025-10-13,Paterson,2016,https://boxd.it/cRk2
2025-10-13,Victoria & Abdul,2017,https://boxd.it/f00O
2025-10-13,RoboCop,2014,https://boxd.it/3m4k
2025-10-13,Air Bud,1997,https://boxd.it/1CYY
2025-10-13,An All Dogs Christmas Carol,1998,https://boxd.it/A5K
2025-10-13,MVP: Most Valuable Primate,2000,https://boxd.it/1gxc
2025-10-13,All Dogs Go to Heaven 2,1996,https://boxd.it/1FOs
2025-10-13,All Dogs Go to Heaven,1989,https://boxd.it/1TIo
2025-10-13,The Aristocats,1970,https://boxd.it/1X3Y
2025-10-13,An American Tail,1986,https://boxd.it/23wM
2025-10-13,Little Longnose,2003,https://boxd.it/BCg
2025-10-13,The Little Mermaid,1989,https://boxd.it/1WYO
2025-10-13,The Road to El Dorado,2000,https://boxd.it/1W6s
2025-10-13,Atlantis: The Lost Empire,2001,https://boxd.it/1Vck
2025-10-13,Kubo and the Two Strings,2016,https://boxd.it/a4wE
2025-10-13,Coco,2017,https://boxd.it/bYJQ
2025-10-13,The Book of Life,2014,https://boxd.it/6JKY
2025-10-13,Valerian and the City of a Thousand Planets,2017,https://boxd.it/biYY
2025-10-13,Suicide Squad,2016,https://boxd.it/9row
2025-10-13,Walking the Streets of Moscow,1964,https://boxd.it/1qNu
2025-10-13,Spellbound,1945,https://boxd.it/24Ji
2025-10-13,July Rain,1967,https://boxd.it/3yHe
2025-10-13,Murder on the Orient Express,2017,https://boxd.it/dHjA
2025-10-13,A Foreign Affair,1948,https://boxd.it/dd2
2025-10-13,Following the Sun,1961,https://boxd.it/630
2025-10-13,GoodFellas,1990,https://boxd.it/29FA
2025-10-13,Letter Never Sent,1960,https://boxd.it/2W6u
2025-10-13,The Cranes Are Flying,1957,https://boxd.it/169Y
2025-10-13,Ballad of a Soldier,1959,https://boxd.it/MPq
2025-10-13,"Goodbye, Boys",1997,https://boxd.it/KDsY
2025-10-13,Nine Days of One Year,1962,https://boxd.it/4gwa
2025-10-13,Friendly Persuasion,1956,https://boxd.it/UWk
2025-10-13,We'll Live Till Monday,1968,https://boxd.it/3HdC
2025-10-13,I Am Twenty,1965,https://boxd.it/4I7C
2025-10-13,The Ascent,1977,https://boxd.it/Eew
2025-10-13,Waterloo Bridge,1940,https://boxd.it/TuO
2025-10-13,One Hundred Days After Childhood,1975,https://boxd.it/I1m
2025-10-13,The Garage,1979,https://boxd.it/oPG
2025-10-13,"Welcome, or No Trespassing",1964,https://boxd.it/1CL6
2025-10-13,The Cuckoo,2002,https://boxd.it/2a8M
2025-10-13,The Second Circle,1990,https://boxd.it/4CB2
2025-10-13,Francofonia,2015,https://boxd.it/9o1a
2025-10-13,Three Plus Two,1963,https://boxd.it/2mhQ
2025-10-13,Office Romance,1977,https://boxd.it/1jLc
2025-10-13,Unbelievable Adventures of Italians in Russia,1974,https://boxd.it/lTq
2025-10-13,Spring on Zarechnaya Street,1956,https://boxd.it/sXO
2025-10-13,The Snowman,2017,https://boxd.it/cVcc
2025-10-13,Two Bits,1995,https://boxd.it/11ju
2025-10-13,King of the Hill,1993,https://boxd.it/1evo
2025-10-13,Home on the Range,2004,https://boxd.it/1PB4
2025-10-13,Schindler's List,1993,https://boxd.it/2aq2
2025-10-13,Saving Private Ryan,1998,https://boxd.it/29ro
2025-10-13,Junebug,2005,https://boxd.it/28Jw
2025-10-13,Lullaby,2014,https://boxd.it/7LTK
2025-10-13,On the Road,2012,https://boxd.it/2WCK
2025-10-13,Big Eyes,2014,https://boxd.it/36ms
2025-10-13,American Hustle,2013,https://boxd.it/5dz8
2025-10-13,Night at the Museum: Battle of the Smithsonian,2009,https://boxd.it/1H7U
2025-10-13,Punch-Drunk Love,2002,https://boxd.it/20E4
2025-10-13,The Space Between Us,2016,https://boxd.it/opjY
2025-10-13,Miss Peregrine's Home for Peculiar Children,2016,https://boxd.it/8KPu
2025-10-13,Leap Year,2010,https://boxd.it/1wdC
2025-10-13,Nocturnal Animals,2016,https://boxd.it/bkFu
2025-10-13,In the Line of Fire,1993,https://boxd.it/1YOw
2025-10-13,Incendies,2010,https://boxd.it/Msm
2025-10-13,Neighbors 2: Sorority Rising,2016,https://boxd.it/aA80
2025-10-13,Passengers,2016,https://boxd.it/8lFu
2025-10-13,Viking,2016,https://boxd.it/cOxW
2025-10-13,Attraction,2017,https://boxd.it/e6Hi
2025-10-13,Fifty Shades Darker,2017,https://boxd.it/bm2E
2025-10-13,About Time,2013,https://boxd.it/43bI
2025-10-13,The Fate of the Furious,2017,https://boxd.it/bbCw
2025-10-13,Yi Yi,2000,https://boxd.it/1vCw
2025-10-13,Batman v Superman: Dawn of Justice,2016,https://boxd.it/6fBW
2025-10-13,Eros,2004,https://boxd.it/135k
2025-10-13,It,2017,https://boxd.it/bC8e
2025-10-13,Train to Busan,2016,https://boxd.it/dSQU
2025-10-13,The Age of Shadows,2016,https://boxd.it/cruq
2025-10-13,Batman Begins,2005,https://boxd.it/2aIg
2025-10-13,Memento,2000,https://boxd.it/2bcK
2025-10-13,The Prestige,2006,https://boxd.it/293w
2025-10-13,The Dark Knight Rises,2012,https://boxd.it/H3m
2025-10-13,Dunkirk,2017,https://boxd.it/d0Y6
2025-10-13,The Killers,1946,https://boxd.it/1NGc
2025-10-13,Eraserhead,1977,https://boxd.it/299u
2025-10-13,Contempt,1963,https://boxd.it/2aJe
2025-10-13,Air Doll,2009,https://boxd.it/1wuS
2025-10-13,Chariots of Fire,1981,https://boxd.it/1YFu
2025-10-13,The Big Lebowski,1998,https://boxd.it/2b6C
2025-10-13,12 Years a Slave,2013,https://boxd.it/2D2e
2025-10-13,Raising Arizona,1987,https://boxd.it/2avQ
2025-10-13,Dune,1984,https://boxd.it/29tY
2025-10-13,Industrial Symphony No. 1: The Dream of the Brokenhearted,1990,https://boxd.it/Spo
2025-10-13,Death in Venice,1971,https://boxd.it/21tm
2025-10-13,The Stranger,1967,https://boxd.it/1jl4
2025-10-13,Mulholland Drive,2001,https://boxd.it/297o
2025-10-13,Inland Empire,2006,https://boxd.it/28d6
2025-10-13,Blue Velvet,1986,https://boxd.it/29BI
2025-10-13,Twin Peaks: Fire Walk with Me,1992,https://boxd.it/27Qw
2025-10-13,Lost Highway,1997,https://boxd.it/29Wc
2025-10-13,Twin Peaks: The Missing Pieces,2014,https://boxd.it/8NH4
2025-10-13,Freaks,1932,https://boxd.it/2b3o
2025-10-13,The Da Vinci Code,2006,https://boxd.it/2a3i
2025-10-13,Angels & Demons,2009,https://boxd.it/1Q9K
2025-10-13,The Inhabited Island,2008,https://boxd.it/1Jva
2025-10-13,Lovey-Dovey,2007,https://boxd.it/aBK
2025-10-13,The Day After Tomorrow,2004,https://boxd.it/2aog
2025-10-13,Stargate,1994,https://boxd.it/27iu
2025-10-13,RoboCop,1987,https://boxd.it/22Wu
2025-10-13,The Abyss,1989,https://boxd.it/26mK
2025-10-13,Flushed Away,2006,https://boxd.it/1Tpm
2025-10-13,A Bug's Life,1998,https://boxd.it/1Yyy
2025-10-13,Babe,1995,https://boxd.it/1Yh8
2025-10-13,Click,2006,https://boxd.it/1YVM
2025-10-13,Friends with Benefits,2011,https://boxd.it/DoK
2025-10-13,Over the Hedge,2006,https://boxd.it/20QY
2025-10-13,Open Season,2006,https://boxd.it/20U2
2025-10-13,Return to the Blue Lagoon,1991,https://boxd.it/1PcI
2025-10-13,Barnyard,2006,https://boxd.it/1XyC
2025-10-13,The Ugly Truth,2009,https://boxd.it/1CFi
2025-10-13,Small Soldiers,1998,https://boxd.it/1TzQ
2025-10-13,Scary Movie 2,2001,https://boxd.it/24Cw
2025-10-13,Batman Forever,1995,https://boxd.it/2ara
2025-10-13,Scary Movie,2000,https://boxd.it/24CG
2025-10-13,Beethoven,1992,https://boxd.it/1T36
2025-10-13,Alien Resurrection,1997,https://boxd.it/20zI
2025-10-13,101 Dalmatians,1996,https://boxd.it/1TgO
2025-10-13,Flubber,1997,https://boxd.it/1YkQ
2025-10-13,The Irony of Fate: Continuation,2007,https://boxd.it/1sE0
2025-10-13,My Favorite Martian,1999,https://boxd.it/1XF4
2025-10-13,Bicentennial Man,1999,https://boxd.it/2722
2025-10-13,Peculiarities of the National Fishing,1998,https://boxd.it/1CLK
2025-10-13,Hipsters,2008,https://boxd.it/16dG
2025-10-13,Toy Story,1995,https://boxd.it/29qA
2025-10-13,Big,1988,https://boxd.it/271S
2025-10-13,Zombieland,2009,https://boxd.it/1En6
2025-10-13,The Emperor's New Groove,2000,https://boxd.it/1Tey
2025-10-13,MouseHunt,1997,https://boxd.it/21PM
2025-10-13,Cars 2,2011,https://boxd.it/H4Y
2025-10-13,Philadelphia,1993,https://boxd.it/1XMk
2025-10-13,Final Destination,2000,https://boxd.it/1YrC
2025-10-13,Final Destination 2,2003,https://boxd.it/1YSS
2025-10-13,Night Watch,2004,https://boxd.it/25SK
2025-10-13,Day Watch,2006,https://boxd.it/272G
2025-10-13,Ice Age: Dawn of the Dinosaurs,2009,https://boxd.it/20iC
2025-10-13,The Matrix Reloaded,2003,https://boxd.it/2a1c
2025-10-13,A Fish Called Wanda,1988,https://boxd.it/29YC
2025-10-13,Days of Thunder,1990,https://boxd.it/27os
2025-10-13,The Proposal,2009,https://boxd.it/1HiS
2025-10-13,Bolt,2008,https://boxd.it/1QXg
2025-10-13,National Treasure,2004,https://boxd.it/27x0
2025-10-13,The Exorcist,1973,https://boxd.it/1Yoo
2025-10-13,Mission: Impossible II,2000,https://boxd.it/29cS
2025-10-13,Four Weddings and a Funeral,1994,https://boxd.it/29KA
2025-10-13,Bring It On,2000,https://boxd.it/28x6
2025-10-13,Iron Man,2008,https://boxd.it/28dA
2025-10-13,Twin Sitters,1994,https://boxd.it/IYe
2025-10-13,Mona Lisa Smile,2003,https://boxd.it/1T0Q
2025-10-13,The Incredible Hulk,2008,https://boxd.it/28dU
2025-10-13,The Lovers on the Bridge,1991,https://boxd.it/26li
2025-10-13,Pola X,1999,https://boxd.it/1c20
2025-10-13,Elite Squad,2007,https://boxd.it/20YI
2025-10-13,Wicker Park,2004,https://boxd.it/1UmS
2025-10-13,Cargo 200,2007,https://boxd.it/1d7A
2025-10-13,Stepmom,1998,https://boxd.it/1YFO
2025-10-13,Brother 2,2000,https://boxd.it/1CzY
2025-10-13,Coach Carter,2005,https://boxd.it/218e
2025-10-13,The Ramen Girl,2008,https://boxd.it/1GG0
2025-10-13,The Rifleman of the Voroshilov Regiment,1999,https://boxd.it/2rCO
2025-10-13,The Makioka Sisters,1959,https://boxd.it/dmcy
2025-10-13,The Great Magician,2011,https://boxd.it/2WzQ
2025-10-13,17 Again,2009,https://boxd.it/1Jnq
2025-10-13,A Knight's Tale,2001,https://boxd.it/1YAk
2025-10-13,Ned Kelly,2003,https://boxd.it/1W00
2025-10-13,The Order,2003,https://boxd.it/1Yee
2025-10-13,Lords of Dogtown,2005,https://boxd.it/1XOg
2025-10-13,Casanova,2005,https://boxd.it/1Y4e
2025-10-13,Candy,2006,https://boxd.it/24l6
2025-10-13,Step Up,2006,https://boxd.it/1XS8
2025-10-13,Step Up 2: The Streets,2008,https://boxd.it/20mk
2025-10-13,King Arthur,2004,https://boxd.it/1YAa
2025-10-13,Bend It Like Beckham,2002,https://boxd.it/2am0
2025-10-13,She's the Man,2006,https://boxd.it/1Y7W
2025-10-13,Stormbreaker,2006,https://boxd.it/1XnY
2025-10-13,Beastly,2011,https://boxd.it/16Js
2025-10-13,Dogma,1999,https://boxd.it/284e
2025-10-13,Taxi,1998,https://boxd.it/26UM
2025-10-13,Independence Day,1996,https://boxd.it/2a1w
2025-10-13,Bad Boys II,2003,https://boxd.it/1ZuW
2025-10-13,"I, Robot",2004,https://boxd.it/27y8
2025-10-13,Hitch,2005,https://boxd.it/205o
2025-10-13,I Am Legend,2007,https://boxd.it/21DG
2025-10-13,The Italian Job,2003,https://boxd.it/1Y86
2025-10-13,Three Little Birds Are Sitting...,2003,https://boxd.it/2KD2
2025-10-13,In the Valley of Elah,2007,https://boxd.it/21fa
2025-10-13,The Legend of Bagger Vance,2000,https://boxd.it/23zQ
2025-10-13,The Cider House Rules,1999,https://boxd.it/28fm
2025-10-13,Reindeer Games,2000,https://boxd.it/27jC
2025-10-13,Igby Goes Down,2002,https://boxd.it/1Y3A
2025-10-13,Happily N'Ever After,2006,https://boxd.it/236E
2025-10-13,Head Over Heels,2001,https://boxd.it/1wJo
2025-10-13,Scooby-Doo,2002,https://boxd.it/1YaQ
2025-10-13,Scooby-Doo 2: Monsters Unleashed,2004,https://boxd.it/1UPA
2025-10-13,To Gillian on Her 37th Birthday,1996,https://boxd.it/1lco
2025-10-13,Boys and Girls,2000,https://boxd.it/1VVE
2025-10-13,Timeline,2003,https://boxd.it/1YmM
2025-10-13,She's All That,1999,https://boxd.it/1Wz0
2025-10-13,The Skulls,2000,https://boxd.it/1TKY
2025-10-13,Into the Blue,2005,https://boxd.it/1SEg
2025-10-13,Noel,2004,https://boxd.it/101k
2025-10-13,Running Scared,2006,https://boxd.it/210E
2025-10-13,Pleasantville,1998,https://boxd.it/26uY
2025-10-13,The Fast and the Furious,2001,https://boxd.it/1XMu
2025-10-13,Resident Evil,2002,https://boxd.it/28z2
2025-10-13,Thor,2011,https://boxd.it/1WQU
2025-10-13,Mad Max,1979,https://boxd.it/1Y7i
2025-10-13,Lethal Weapon,1987,https://boxd.it/29e0
2025-10-13,Bird on a Wire,1990,https://boxd.it/28dq
2025-10-13,Hamlet,1990,https://boxd.it/1WGg
2025-10-13,Ransom,1996,https://boxd.it/258s
2025-10-13,We Were Soldiers,2002,https://boxd.it/1VSA
2025-10-13,Fan-Fan the Tulip,1952,https://boxd.it/b3k
2025-10-13,The Bounty,1984,https://boxd.it/26tQ
2025-10-13,Wild Wild West,1999,https://boxd.it/205y
2025-10-13,Thumbsucker,2005,https://boxd.it/28DS
2025-10-13,Something's Gotta Give,2003,https://boxd.it/21gC
2025-10-13,The Lake House,2006,https://boxd.it/27yM
2025-10-13,The Day the Earth Stood Still,2008,https://boxd.it/1WQ6
2025-10-13,Speed,1994,https://boxd.it/28qk
2025-10-13,A Walk in the Clouds,1995,https://boxd.it/1Yn6
2025-10-13,The Replacements,2000,https://boxd.it/1Wno
2025-10-13,The Watcher,2000,https://boxd.it/1VDU
2025-10-13,Sweet November,2001,https://boxd.it/27QQ
2025-10-13,Much Ado About Nothing,1993,https://boxd.it/1SDM
2025-10-13,Hardball,2001,https://boxd.it/1COO
2025-10-13,Down with Love,2003,https://boxd.it/1VyA
2025-10-13,The Four Feathers,2002,https://boxd.it/1Zbg
2025-10-13,Superbad,2007,https://boxd.it/20hO
2025-10-13,Desperate Hours,1990,https://boxd.it/1iyQ
2025-10-13,Red Dragon,2002,https://boxd.it/1Yrs
2025-10-13,Beowulf,2007,https://boxd.it/26Xw
2025-10-13,Star Wars: Episode I – The Phantom Menace,1999,https://boxd.it/27Vc
2025-10-13,Where the Heart Is,2000,https://boxd.it/1VWM
2025-10-13,V for Vendetta,2005,https://boxd.it/29Ik
2025-10-13,Alpha Dog,2006,https://boxd.it/20Va
2025-10-13,Knocked Up,2007,https://boxd.it/23yS
2025-10-13,Flyboys,2006,https://boxd.it/1Y6E
2025-10-13,Bobby,2006,https://boxd.it/1VvG
2025-10-13,King Kong,2005,https://boxd.it/2aLa
2025-10-13,Love and Other Disasters,2006,https://boxd.it/21r6
2025-10-13,Inside Man,2006,https://boxd.it/2auS
2025-10-13,You Don't Mess with the Zohan,2008,https://boxd.it/1VHs
2025-10-13,Twilight,2008,https://boxd.it/1Zui
2025-10-13,Spread,2009,https://boxd.it/1EmC
2025-10-13,Feast of Love,2007,https://boxd.it/1Okc
2025-10-13,The Avengers,2012,https://boxd.it/1xFW
2025-10-13,Friendship,2008,https://boxd.it/2nDe
2025-10-13,At the Gate of the Ghost,2011,https://boxd.it/2zz4
2025-10-13,Love of Siam,2007,https://boxd.it/pso
2025-10-13,A Little Thing Called Love,2010,https://boxd.it/mga
2025-10-13,Mediterraneo,1991,https://boxd.it/16qK
2025-10-13,Transit,2006,https://boxd.it/27Ao
2025-10-13,We Are from the Future,2008,https://boxd.it/117S
2025-10-13,The Return of Jafar,1994,https://boxd.it/1L6G
2025-10-13,Aladdin and the King of Thieves,1996,https://boxd.it/1Ui2
2025-10-13,Dirty Dancing,1987,https://boxd.it/2baY
2025-10-13,Strictly Ballroom,1992,https://boxd.it/1WkY
2025-10-13,Shall We Dance?,2004,https://boxd.it/24r4
2025-10-13,Bandidas,2006,https://boxd.it/27JA
2025-10-13,The Quick and the Dead,1995,https://boxd.it/1Sx0
2025-10-13,This Boy's Life,1993,https://boxd.it/20yg
2025-10-13,Romeo + Juliet,1996,https://boxd.it/2ama
2025-10-13,Blood Diamond,2006,https://boxd.it/28Tm
2025-10-13,G.I. Jane,1997,https://boxd.it/24my
2025-10-13,Bootleggers,1962,https://boxd.it/Xi8
2025-10-13,"Kidnapping, Caucasian Style",1967,https://boxd.it/1CMo
2025-10-13,Killer's Kiss,1955,https://boxd.it/1Xcc
2025-10-13,Spartacus,1960,https://boxd.it/29bq
2025-10-13,Kingdom of Heaven,2005,https://boxd.it/28Gs
2025-10-13,A Good Year,2006,https://boxd.it/1XXs
2025-10-13,Body of Lies,2008,https://boxd.it/1SvS
2025-10-13,Yellow Earth,1984,https://boxd.it/3fGG
2025-10-13,Red Angel,1966,https://boxd.it/3bla
2025-10-13,The Rickshaw Man,1958,https://boxd.it/VeI
2025-10-13,Infernal Affairs III,2003,https://boxd.it/1Okw
2025-10-13,Infernal Affairs II,2003,https://boxd.it/1Tla
2025-10-13,Infernal Affairs,2002,https://boxd.it/1Vqw
2025-10-13,Bloody Spear at Mount Fuji,1955,https://boxd.it/3giA
2025-10-13,Hard Boiled,1992,https://boxd.it/1T6a
2025-10-13,Red Peony Gambler,1968,https://boxd.it/ErU
2025-10-13,The Firefly,2001,https://boxd.it/beCE
2025-10-13,Miyamoto Musashi,1944,https://boxd.it/3rre
2025-10-13,Crossing Hennessy,2010,https://boxd.it/RcS
2025-10-13,Fist of Fury,1972,https://boxd.it/1TaG
2025-10-13,Just One Look,2002,https://boxd.it/PrQ
2025-10-13,Initial D,2005,https://boxd.it/1K9Y
2025-10-13,Love in a Puff,2010,https://boxd.it/Y0u
2025-10-13,Onmyoji,2001,https://boxd.it/1C6C
2025-10-13,Demon,1985,https://boxd.it/53re
2025-10-13,Battle Royale II: Requiem,2003,https://boxd.it/25zI
2025-10-13,Tootsie,1982,https://boxd.it/1YkG
2025-10-13,Three Days of the Condor,1975,https://boxd.it/1SF4
2025-10-13,Life of Hishakaku,1963,https://boxd.it/7BfA
2025-10-13,The Yakuza,1974,https://boxd.it/1pEm
2025-10-13,Abashiri Prison,1965,https://boxd.it/7IGe
2025-10-13,Brutal Tales of Chivalry,1965,https://boxd.it/5K7w
2025-10-13,Manhunt,1976,https://boxd.it/2uXg
2025-10-13,The Faculty,1998,https://boxd.it/1Z5C
2025-10-13,40 Days and 40 Nights,2002,https://boxd.it/26no
2025-10-13,The Black Dahlia,2006,https://boxd.it/1Y52
2025-10-13,Black Hawk Down,2001,https://boxd.it/29rI
2025-10-13,Star Trek,2009,https://boxd.it/1Q6c
2025-10-13,Adventures of Mowgli: Akela's Last Hunt,1969,https://boxd.it/5Szy
2025-10-13,Adventures of Mowgli: The Fight,1970,https://boxd.it/5Szo
2025-10-13,Adventures of Mowgli: The Kidnapping,1968,https://boxd.it/5SAc
2025-10-13,The Bullet Train,1975,https://boxd.it/Kf6
2025-10-13,You Are the Apple of My Eye,2011,https://boxd.it/2XuC
2025-10-13,New Perfect Two,2012,https://boxd.it/3oq8
2025-10-13,Travelling with Pets,2007,https://boxd.it/52q
2025-10-13,Knight and Day,2010,https://boxd.it/17po
2025-10-13,True Lies,1994,https://boxd.it/19pq
2025-10-13,The Iron Lady,2011,https://boxd.it/2qli
2025-10-13,Royal Warriors,1986,https://boxd.it/Pve
2025-10-13,Young Adult,2011,https://boxd.it/nn2
2025-10-13,The Hurt Locker,2008,https://boxd.it/1Soi
2025-10-13,"Yes, Madam!",1985,https://boxd.it/13EE
2025-10-13,The Haunted Samurai,2007,https://boxd.it/4YjO
2025-10-13,Black Rain,1989,https://boxd.it/24NY
2025-10-13,Speed Racer,2008,https://boxd.it/20UQ
2025-10-13,About Schmidt,2002,https://boxd.it/26mU
2025-10-13,How I Ended This Summer,2010,https://boxd.it/16f8
2025-10-13,127 Hours,2010,https://boxd.it/SLa
2025-10-13,Swann in Love,1984,https://boxd.it/3XYE
2025-10-13,Wolfhound of the Grey Dog Clan,2006,https://boxd.it/1Qp4
2025-10-13,Sunny,2011,https://boxd.it/2FoG
2025-10-13,71: Into the Fire,2010,https://boxd.it/BUO
2025-10-13,The Chaser,2008,https://boxd.it/1PgU
2025-10-13,My Brother,2004,https://boxd.it/GAY
2025-10-13,The Bridge on the River Kwai,1957,https://boxd.it/29wo
2025-10-13,Three Colours: Blue,1993,https://boxd.it/2b7K
2025-10-13,The Straight Story,1999,https://boxd.it/2ass
2025-10-13,Cinema Paradiso,1988,https://boxd.it/1UlA
2025-10-13,Repulsion,1965,https://boxd.it/1TKu
2025-10-13,The Classic,2003,https://boxd.it/XvG
2025-10-13,Shower,1999,https://boxd.it/296q
2025-10-13,THX 1138,1971,https://boxd.it/29Ww
2025-10-13,Jasmine Women,2004,https://boxd.it/Svw
2025-10-13,Once Upon a Time in High School,2004,https://boxd.it/GAO
2025-10-13,A Frozen Flower,2008,https://boxd.it/1HTa
2025-10-13,Come Drink with Me,1966,https://boxd.it/1uf2
2025-10-13,Dragon Inn,1967,https://boxd.it/3xGa
2025-10-13,Beijing Bicycle,2001,https://boxd.it/1Rtm
2025-10-13,Prodigy,2007,https://boxd.it/2Ouy
2025-10-13,The Knot,2006,https://boxd.it/6bZq
2025-10-13,Echoes of the Rainbow,2010,https://boxd.it/13kO
2025-10-13,The Silent World,1956,https://boxd.it/gwQ
2025-10-13,Zazie dans le Métro,1960,https://boxd.it/26Co
2025-10-13,The Fire Within,1963,https://boxd.it/26AM
2025-10-13,Pretty Baby,1978,https://boxd.it/1sLg
2025-10-13,A Dirty Carnival,2006,https://boxd.it/1z5c
2025-10-13,Goddess of Mercy,2003,https://boxd.it/PpK
2025-10-13,Lost in Beijing,2007,https://boxd.it/1lWw
2025-10-13,The Longest Night in Shanghai,2007,https://boxd.it/yVk
2025-10-13,The Sniper,2009,https://boxd.it/1Jfc
2025-10-13,Pocahontas,1995,https://boxd.it/1W2g
2025-10-13,The Message,2009,https://boxd.it/1gU6
2025-10-13,Sacrifice,2010,https://boxd.it/r6Y
2025-10-13,Satisfaction,2011,https://boxd.it/pr6
2025-10-13,My Wife's Lover,1992,https://boxd.it/2Uc6
2025-10-13,The Stool Pigeon,2010,https://boxd.it/Ivw
2025-10-13,Villon's Wife,2009,https://boxd.it/2pbm
2025-10-13,Mongol: The Rise of Genghis Khan,2007,https://boxd.it/1Sc2
2025-10-13,2012,2009,https://boxd.it/1OE2
2025-10-13,Hudson Hawk,1991,https://boxd.it/1Z32
2025-10-13,Hancock,2008,https://boxd.it/1Zv6
2025-10-13,Bewitched,2005,https://boxd.it/1XXW
2025-10-13,What the Snow Brings,2005,https://boxd.it/4ete
2025-10-13,Hugo,2011,https://boxd.it/R08
2025-10-13,A Beautiful Life,2011,https://boxd.it/2oeY
2025-10-13,The Social Network,2010,https://boxd.it/17ue
2025-10-13,Cape No. 7,2008,https://boxd.it/1El0
2025-10-13,Vysotsky: Thank You For Being Alive,2011,https://boxd.it/2McM
2025-10-13,Mission: Impossible – Ghost Protocol,2011,https://boxd.it/psI
2025-10-13,The Flowers of War,2011,https://boxd.it/2Evc
2025-10-13,One Day,2010,https://boxd.it/CZU
2025-10-13,Summer's Tail,2007,https://boxd.it/4SDI
2025-10-13,Eternal Summer,2006,https://boxd.it/qEA
2025-10-13,Sky Captain and the World of Tomorrow,2004,https://boxd.it/23jS
2025-10-13,The Holiday,2006,https://boxd.it/28ye
2025-10-13,The Girl with the Dragon Tattoo,2011,https://boxd.it/2Pa
2025-10-13,Love in Disguise,2010,https://boxd.it/Fpg
2025-10-13,Winds of September,2008,https://boxd.it/2G2c
2025-10-13,Jump Ashin!,2011,https://boxd.it/2LN8
2025-10-13,Starlit High Noon,2006,https://boxd.it/3MZm
2025-10-13,About Love,2004,https://boxd.it/3j8e
2025-10-13,Blue Gate Crossing,2002,https://boxd.it/RhS
2025-10-13,Playboy Cops,2008,https://boxd.it/ADi
2025-10-13,Lost in Translation,2003,https://boxd.it/2b0E
2025-10-13,Carnage,2011,https://boxd.it/2peU
2025-10-13,Love You You,2011,https://boxd.it/2KBq
2025-10-13,Bleak Night,2010,https://boxd.it/2zHM
2025-10-13,The Front Line,2011,https://boxd.it/2LGG
2025-10-13,Bunraku,2010,https://boxd.it/1kXI
2025-10-13,Rise of the Planet of the Apes,2011,https://boxd.it/cS4
2025-10-13,Runaway Jury,2003,https://boxd.it/1U7o
2025-10-13,Franklyn,2008,https://boxd.it/1ZFK
2025-10-13,Anonymous,2011,https://boxd.it/cCq
2025-10-13,Restless,2011,https://boxd.it/JVK
2025-10-13,The Adventures of Tintin,2011,https://boxd.it/1Irc
2025-10-13,Real Steel,2011,https://boxd.it/147m
2025-10-13,When in Rome,2010,https://boxd.it/1Q5S
2025-10-13,In Time,2011,https://boxd.it/FPS
2025-10-13,Hearts in Atlantis,2001,https://boxd.it/1U9O
2025-10-13,Moneyball,2011,https://boxd.it/glS
2025-10-13,Railroad Man,1999,https://boxd.it/2ck6
2025-10-13,Space Battleship Yamato,2010,https://boxd.it/coS
2025-10-13,Zhou Yu's Train,2002,https://boxd.it/dGy
2025-10-13,Dragon,2011,https://boxd.it/2urE
2025-10-13,A Man Who Was Superman,2008,https://boxd.it/1cXU
2025-10-13,Elizabeth: The Golden Age,2007,https://boxd.it/24d2
2025-10-13,Robin Hood,2010,https://boxd.it/1D6o
2025-10-13,3:10 to Yuma,2007,https://boxd.it/23g0
2025-10-13,Equilibrium,2002,https://boxd.it/211s
2025-10-13,Match Point,2005,https://boxd.it/2b6s
2025-10-13,Brideshead Revisited,2008,https://boxd.it/1RGK
2025-10-13,When the Last Sword Is Drawn,2002,https://boxd.it/1O3K
2025-10-13,Give Love,2009,https://boxd.it/9NS4
2025-10-13,Moon Child,2003,https://boxd.it/1BMs
2025-10-13,Little Big Soldier,2010,https://boxd.it/1cJI
2025-10-13,The Lonely Voice of Man,1987,https://boxd.it/5t9g
2025-10-13,Mother and Son,1997,https://boxd.it/S96
2025-10-13,Russian Ark,2002,https://boxd.it/1JQM
2025-10-13,Alexandra,2007,https://boxd.it/1ICu
2025-10-13,Aiki,2002,https://boxd.it/5C9u
2025-10-13,Waiting in the Dark,2006,https://boxd.it/6b9E
2025-10-13,21,2008,https://boxd.it/20BO
2025-10-13,Captain America: The First Avenger,2011,https://boxd.it/28b0
2025-10-13,Buddha Mountain,2010,https://boxd.it/9Ms
2025-10-13,Ronin,1998,https://boxd.it/20wa
2025-10-13,Analyze This,1999,https://boxd.it/1Yr8
2025-10-13,15 Minutes,2001,https://boxd.it/26nS
2025-10-13,The Score,2001,https://boxd.it/1U0C
2025-10-13,City by the Sea,2002,https://boxd.it/1PXk
2025-10-13,Analyze That,2002,https://boxd.it/1XuK
2025-10-13,Great Expectations,1998,https://boxd.it/1YKE
2025-10-13,Godsend,2004,https://boxd.it/1UK6
2025-10-13,Stardust,2007,https://boxd.it/272w
2025-10-13,The Other Guys,2010,https://boxd.it/1rtq
2025-10-13,We Own the Night,2007,https://boxd.it/27F4
2025-10-13,The Happening,2008,https://boxd.it/200o
2025-10-13,Three Kings,1999,https://boxd.it/21IG
2025-10-13,The Yards,2000,https://boxd.it/1F5C
2025-10-13,The Perfect Storm,2000,https://boxd.it/27n0
2025-10-13,Larry Crowne,2011,https://boxd.it/hqa
2025-10-13,A Christmas Carol,2009,https://boxd.it/1HKW
2025-10-13,Romeo Is Bleeding,1993,https://boxd.it/27ti
2025-10-13,The Scarlet Letter,1995,https://boxd.it/1W1M
2025-10-13,Air Force One,1997,https://boxd.it/1XQw
2025-10-13,Hannibal,2001,https://boxd.it/1XVc
2025-10-13,Kung Fu Panda 2,2011,https://boxd.it/G36
2025-10-13,Rosencrantz & Guildenstern Are Dead,1990,https://boxd.it/1FXE
2025-10-13,"Yesterday, Today and Tomorrow",1963,https://boxd.it/VZE
2025-10-13,The Miller's Beautiful Wife,1955,https://boxd.it/2Qes
2025-10-13,A Very Long Engagement,2004,https://boxd.it/26dy
2025-10-13,Miracle in Milan,1951,https://boxd.it/UD8
2025-10-13,Sunflower,1970,https://boxd.it/27Zo
2025-10-13,Bicycle Thieves,1948,https://boxd.it/23hW
2025-10-13,Marriage Italian Style,1964,https://boxd.it/Fs0
2025-10-13,The Tree of Life,2011,https://boxd.it/1Zu8
2025-10-13,Murder on the Orient Express,1974,https://boxd.it/24IY
2025-10-13,The Verdict,1982,https://boxd.it/1y3Y
2025-10-13,Gloria,1999,https://boxd.it/OT0
2025-10-13,Broken Flowers,2005,https://boxd.it/2aCW
2025-10-13,Indecent Proposal,1993,https://boxd.it/24h4
2025-10-13,Lolita,1997,https://boxd.it/1XR0
2025-10-13,Unfaithful,2002,https://boxd.it/275A
2025-10-13,Music of the Heart,1999,https://boxd.it/1ut4
2025-10-13,Doubt,2008,https://boxd.it/1OfQ
2025-10-13,Julie & Julia,2009,https://boxd.it/1wXg
2025-10-13,Mamma Mia!,2008,https://boxd.it/1Tnq
2025-10-13,Lions for Lambs,2007,https://boxd.it/24dm
2025-10-13,The Devil Wears Prada,2006,https://boxd.it/2awE
2025-10-13,Evening,2007,https://boxd.it/229M
2025-10-13,The River Wild,1994,https://boxd.it/1Zr4
2025-10-13,Adaptation.,2002,https://boxd.it/26mA
2025-10-13,Falling in Love,1984,https://boxd.it/yeA
2025-10-13,Alien³,1992,https://boxd.it/20zS
2025-10-13,White Squall,1996,https://boxd.it/1W1C
2025-10-13,I Know What You Did Last Summer,1997,https://boxd.it/2588
2025-10-13,54,1998,https://boxd.it/255I
2025-10-13,Playing by Heart,1998,https://boxd.it/29wy
2025-10-13,The Way of the Gun,2000,https://boxd.it/28t4
2025-10-13,The I Inside,2004,https://boxd.it/1Tuc
2025-10-13,A Personal Journey with Martin Scorsese Through American Movies,1995,https://boxd.it/RwhS
2025-10-13,Sleepers,1996,https://boxd.it/29xw
2025-10-13,Troy,2004,https://boxd.it/29TW
2025-10-13,Mr. & Mrs. Smith,2005,https://boxd.it/29CG
2025-10-13,"The Chronicles of Narnia: The Lion, the Witch and the Wardrobe",2005,https://boxd.it/2ark
2025-10-13,Becoming Jane,2007,https://boxd.it/261C
2025-10-13,Wanted,2008,https://boxd.it/1ZBS
2025-10-13,Eastern Promises,2007,https://boxd.it/275q
2025-10-13,300,2006,https://boxd.it/28XI
2025-10-13,Angel,2007,https://boxd.it/1T3A
2025-10-13,Eden Lake,2008,https://boxd.it/1Q1m
2025-10-13,X-Men: First Class,2011,https://boxd.it/FOA
2025-10-13,2046,2004,https://boxd.it/29tu
2025-10-13,Ip Man 2,2010,https://boxd.it/18gs
2025-10-13,Ip Man,2008,https://boxd.it/1NrQ
2025-10-13,Donnie Brasco,1997,https://boxd.it/1YRA
2025-10-13,The Ninth Gate,1999,https://boxd.it/29YM
2025-10-13,Chocolat,2000,https://boxd.it/2aue
2025-10-13,Finding Neverland,2004,https://boxd.it/29pW
2025-10-13,To Kill a Mockingbird,1962,https://boxd.it/2a2E
2025-10-13,The Taming of the Scoundrel,1980,https://boxd.it/1UVo
2025-10-13,The Lord of the Rings: The Fellowship of the Ring,2001,https://boxd.it/2b5O
2025-10-13,The Con Artists,1976,https://boxd.it/169E
2025-10-13,Moscow Does Not Believe in Tears,1980,https://boxd.it/1CwU
2025-10-13,Treasure Island,1989,https://boxd.it/G6u
2025-10-13,The Professional,1981,https://boxd.it/28l0
2025-10-13,The Mask,1994,https://boxd.it/29rS
2025-10-13,Ray,2004,https://boxd.it/28km
2025-10-13,The Mighty,1998,https://boxd.it/1XJg
2025-10-13,Mulan,1998,https://boxd.it/1VFw
2025-10-13,American History X,1998,https://boxd.it/2bdo
2025-10-13,Knockin' on Heaven's Door,1997,https://boxd.it/2aZQ
2025-10-13,Once a Thief,1991,https://boxd.it/KLG
2025-10-13,Returner,2002,https://boxd.it/231u
2025-10-13,Mad Detective,2007,https://boxd.it/1OV8
2025-10-13,Election,2005,https://boxd.it/2lDm
2025-10-13,Sparrow,2008,https://boxd.it/20YS
2025-10-13,"Comrades, Almost a Love Story",1996,https://boxd.it/18QU
2025-10-13,Breaking News,2004,https://boxd.it/1RKs
2025-10-13,A Better Tomorrow,1986,https://boxd.it/1TLW
2025-10-13,The Killer,1989,https://boxd.it/1Vha
2025-10-13,Villain,2010,https://boxd.it/cCU
2025-10-13,War of the Worlds,2005,https://boxd.it/2bde
2025-10-13,Indiana Jones and the Temple of Doom,1984,https://boxd.it/2bb8
2025-10-13,Jurassic Park,1993,https://boxd.it/2aA2
2025-10-13,Casper,1995,https://boxd.it/1ZMw
2025-10-13,The Mask of Zorro,1998,https://boxd.it/1YVi
2025-10-13,Men in Black II,2002,https://boxd.it/2a0y
2025-10-13,The Legend of Zorro,2005,https://boxd.it/28nq
2025-10-13,G.I. Joe: The Rise of Cobra,2009,https://boxd.it/1Ndu
2025-10-13,A Bittersweet Life,2005,https://boxd.it/1U4Y
2025-10-13,"The Good, the Bad, the Weird",2008,https://boxd.it/1MSG
2025-10-13,Tae Guk Gi: The Brotherhood of War,2004,https://boxd.it/1Tjo
2025-10-13,13 Assassins,2010,https://boxd.it/jqc
2025-10-13,Space Travelers,2000,https://boxd.it/7qE
2025-10-13,69,2004,https://boxd.it/3YeC
2025-10-13,The Other Boleyn Girl,2008,https://boxd.it/1Sl4
2025-10-13,Goya's Ghosts,2006,https://boxd.it/1TFE
2025-10-13,Mr. Magorium's Wonder Emporium,2007,https://boxd.it/271o
2025-10-13,The Darjeeling Limited,2007,https://boxd.it/24as
2025-10-13,No Strings Attached,2011,https://boxd.it/YUs
2025-10-13,Mystic River,2003,https://boxd.it/2aAG
2025-10-13,Ring,1998,https://boxd.it/26tw
2025-10-13,After Life,1998,https://boxd.it/1HMI
2025-10-13,"Merry Christmas, Mr. Lawrence",1983,https://boxd.it/1SHu
2025-10-13,In the Realm of the Senses,1976,https://boxd.it/22qS
2025-10-13,Sing a Song of Sex,1967,https://boxd.it/2Fny
2025-10-13,Sense and Sensibility,1995,https://boxd.it/244E
2025-10-13,"Crouching Tiger, Hidden Dragon",2000,https://boxd.it/2b1M
2025-10-13,Brokeback Mountain,2005,https://boxd.it/2b2q
2025-10-13,The Naked Island,1960,https://boxd.it/2520
2025-10-13,Jerry Maguire,1996,https://boxd.it/1YNS
2025-10-13,Marvin's Room,1996,https://boxd.it/1XJA
2025-10-13,One True Thing,1998,https://boxd.it/xl6
2025-10-13,Bridget Jones's Diary,2001,https://boxd.it/29WQ
2025-10-13,Chicago,2002,https://boxd.it/28zm
2025-10-13,Shark Tale,2004,https://boxd.it/1VYe
2025-10-13,Bee Movie,2007,https://boxd.it/22Vw
2025-10-13,New in Town,2009,https://boxd.it/1NU4
2025-10-13,Bridget Jones: The Edge of Reason,2004,https://boxd.it/1XMa
2025-10-13,Pop World,2005,https://boxd.it/3g3K
2025-10-13,The Marrying Man,1991,https://boxd.it/1iFs
2025-10-13,The Patriot,2000,https://boxd.it/27Bw
2025-10-13,Revolutionary Road,2008,https://boxd.it/24Le
2025-10-13,The Reader,2008,https://boxd.it/20Dq
2025-10-13,Dr. Akagi,1998,https://boxd.it/2d4e
2025-10-13,Girl with a Suitcase,1961,https://boxd.it/Fqo
2025-10-13,Last Life in the Universe,2003,https://boxd.it/1Tri
2025-10-13,Taboo,1999,https://boxd.it/1DbI
2025-10-13,Onibaba,1964,https://boxd.it/252a
2025-10-13,Kuroneko,1968,https://boxd.it/12mE
2025-10-13,The Christian Revolt,1962,https://boxd.it/3rrS
2025-10-13,Japanese Summer: Double Suicide,1967,https://boxd.it/Iha
2025-10-13,The Beach,2000,https://boxd.it/27T6
2025-10-13,Slumdog Millionaire,2008,https://boxd.it/1S3E
2025-10-13,The Full Monty,1997,https://boxd.it/1YI4
2025-10-13,Source Code,2011,https://boxd.it/fdo
2025-10-13,Just Go with It,2011,https://boxd.it/Doq
2025-10-13,The 400 Blows,1959,https://boxd.it/2b1C
2025-10-13,Night and Fog in Japan,1960,https://boxd.it/3Gnm
2025-10-13,Street of Love and Hope,1959,https://boxd.it/3oEu
2025-10-13,The Ceremony,1971,https://boxd.it/3hWQ
2025-10-13,The Sun's Burial,1960,https://boxd.it/3KvY
2025-10-13,Cruel Story of Youth,1960,https://boxd.it/38ha
2025-10-13,Boy,1969,https://boxd.it/3xKQ
2025-10-13,Pitfall,1962,https://boxd.it/uXm
2025-10-13,The Ballad of Jack and Rose,2005,https://boxd.it/1JbE
2025-10-13,The Unbearable Lightness of Being,1988,https://boxd.it/1VKc
2025-10-13,My Left Foot: The Story of Christy Brown,1989,https://boxd.it/1WW4
2025-10-13,The Catch,1961,https://boxd.it/3aN8
2025-10-13,"Suddenly, Last Summer",1959,https://boxd.it/1NyC
2025-10-13,A Place in the Sun,1951,https://boxd.it/1vlg
2025-10-13,From Here to Eternity,1953,https://boxd.it/1TRU
2025-10-13,Tempting Heart,1999,https://boxd.it/PrG
2025-10-13,Si,2020,https://boxd.it/qAGe
2025-10-13,Fireworks,1997,https://boxd.it/22mQ
2025-10-13,Sukiyaki Western Django,2007,https://boxd.it/1PKg
2025-10-13,Still Walking,2008,https://boxd.it/1wvm
2025-10-13,Odd Obsession,1959,https://boxd.it/ViK
2025-10-13,Black Rain,1989,https://boxd.it/5DMs
2025-10-13,Empire of Passion,1978,https://boxd.it/GSS
2025-10-13,The Edge,1997,https://boxd.it/1YH6
2025-10-13,The Machinist,2004,https://boxd.it/248c
2025-10-13,What Women Want,2000,https://boxd.it/24Sa
2025-10-13,Meet the Parents,2000,https://boxd.it/28vE
2025-10-13,Meet the Fockers,2004,https://boxd.it/29NE
2025-10-13,Misery,1990,https://boxd.it/28gY
2025-10-13,Dolores Claiborne,1995,https://boxd.it/1SKo
2025-10-13,Up in the Air,2009,https://boxd.it/1zPY
2025-10-13,Maborosi,1995,https://boxd.it/1G9U
2025-10-13,Dolls,2002,https://boxd.it/29pi
2025-10-13,Achilles and the Tortoise,2008,https://boxd.it/1SnO
2025-10-13,Dream,2008,https://boxd.it/1ZZg
2025-10-13,Suspicion,1941,https://boxd.it/1TNo
2025-10-13,Nobody Knows,2004,https://boxd.it/26E0
2025-10-13,Adrift in Tokyo,2007,https://boxd.it/1NVm
2025-10-13,Shinobi: Heart Under Blade,2005,https://boxd.it/1X3k
2025-10-13,The Coast Guard,2002,https://boxd.it/28Ny
2025-10-13,Taira Clan Saga,1955,https://boxd.it/Oe2
2025-10-13,Metade Fumaça,1999,https://boxd.it/1aKE
2025-10-13,Con Air,1997,https://boxd.it/28gO
2025-10-13,The Family Man,2000,https://boxd.it/22e8
2025-10-13,The Rock,1996,https://boxd.it/1XM0
2025-10-13,Look for a Star,2009,https://boxd.it/Z7w
2025-10-13,The Contract Lover,2007,https://boxd.it/Pvo
2025-10-13,Bishonen,1998,https://boxd.it/1sCe
2025-10-13,A Touch of Zen,1970,https://boxd.it/SFm
2025-10-13,Spring Snow,2005,https://boxd.it/3UxA
2025-10-13,Crest of Betrayal,1994,https://boxd.it/6DrG
2025-10-13,Owls' Castle,1999,https://boxd.it/61fC
2025-10-13,Samurai Assassin,1965,https://boxd.it/2Lji
2025-10-13,The Sword of Doom,1966,https://boxd.it/1EoS
2025-10-13,Hana,2006,https://boxd.it/1Dly
2025-10-13,The Fighter,2010,https://boxd.it/PP4
2025-10-13,The Notebook,2004,https://boxd.it/1UNE
2025-10-13,Sanctum,2011,https://boxd.it/IH8
2025-10-13,On the Waterfront,1954,https://boxd.it/29TC
2025-10-13,Reign of Assassins,2010,https://boxd.it/SOS
2025-10-13,The Eagle,2011,https://boxd.it/FVw
2025-10-13,Yuan fang de xing,1983,https://boxd.it/QsGM
2025-10-13,Mulan: Rise of a Warrior,2009,https://boxd.it/1gpC
2025-10-13,True Grit,2010,https://boxd.it/Sog
2025-10-13,Sound of the Mountain,1954,https://boxd.it/N3s
2025-10-13,Zatoichi: The Last,2010,https://boxd.it/qLm
2025-10-13,Shanghai Kiss,2007,https://boxd.it/1Moc
2025-10-13,The Painted Veil,2006,https://boxd.it/1OyS
2025-10-13,Painted Skin,2008,https://boxd.it/1I3a
2025-10-13,In the Heat of the Sun,1994,https://boxd.it/523q
2025-10-13,The 47 Ronin,1941,https://boxd.it/Ofu
2025-10-13,Spring Subway,2002,https://boxd.it/584
2025-10-13,Sansho the Bailiff,1954,https://boxd.it/1Dkq
2025-10-13,The Man from Nowhere,2010,https://boxd.it/AZy
2025-10-13,The Life of Oharu,1952,https://boxd.it/UFy
2025-10-13,Ugetsu,1953,https://boxd.it/1NyM
2025-10-13,Murder of the Inugami Clan,2006,https://boxd.it/2Ev2
2025-10-13,The Burmese Harp,1956,https://boxd.it/1fKa
2025-10-13,Fires on the Plain,1959,https://boxd.it/1j8a
2025-10-13,Chûshingura,1962,https://boxd.it/RoY
2025-10-13,The Warrior and the Wolf,2009,https://boxd.it/1gok
2025-10-13,Who's That Knocking at My Door,1967,https://boxd.it/Wgg
2025-10-13,Woman in the Dunes,1964,https://boxd.it/1JNS
2025-10-13,Assembly,2007,https://boxd.it/1OS4
2025-10-13,Devils on the Doorstep,2000,https://boxd.it/1v16
2025-10-13,The Warlords,2007,https://boxd.it/1OcM
2025-10-13,Nuan,2003,https://boxd.it/7xKa
2025-10-13,The Forbidden Kingdom,2008,https://boxd.it/28dg
2025-10-13,Mask,1985,https://boxd.it/1UrI
2025-10-13,Aftershock,2010,https://boxd.it/REM
2025-10-13,Morning Glory,2010,https://boxd.it/16as
2025-10-13,Loggerheads,2005,https://boxd.it/1Eig
2025-10-13,Funny Games,2007,https://boxd.it/207a
2025-10-13,The Matrix Revolutions,2003,https://boxd.it/2a12
2025-10-13,The Sea Inside,2004,https://boxd.it/27S8
2025-10-13,The Diving Bell and the Butterfly,2007,https://boxd.it/27Di
2025-10-13,Children of Men,2006,https://boxd.it/1Y2i
2025-10-13,The Counterfeiters,2007,https://boxd.it/20MM
2025-10-13,Cars,2006,https://boxd.it/29ho
2025-10-13,Casino Royale,2006,https://boxd.it/1alk
2025-10-13,The Passion of the Christ,2004,https://boxd.it/29ZK
2025-10-13,TRON: Legacy,2010,https://boxd.it/1Dlo
2025-10-13,Far and Away,1992,https://boxd.it/1Ufi
2025-10-13,Moulin Rouge!,2001,https://boxd.it/29wI
2025-10-13,Birthday Girl,2001,https://boxd.it/27tM
2025-10-13,The Human Stain,2003,https://boxd.it/1V4q
2025-10-13,Happy Feet,2006,https://boxd.it/1XH0
2025-10-13,The Interpreter,2005,https://boxd.it/2aWs
2025-10-13,The Invasion,2007,https://boxd.it/23Ku
2025-10-13,The Golden Compass,2007,https://boxd.it/272Q
2025-10-13,Australia,2008,https://boxd.it/21fk
2025-10-13,The Ghost Writer,2010,https://boxd.it/1TQW
2025-10-13,Terminator Salvation,2009,https://boxd.it/2abQ
2025-10-13,Mother,2009,https://boxd.it/1m9g
2025-10-13,K-20: The Fiend with Twenty Faces,2008,https://boxd.it/1xIc
2025-10-13,Cyclo,1995,https://boxd.it/1aX4
2025-10-13,The Man in the Iron Mask,1998,https://boxd.it/1YZO
2025-10-13,Tangled,2010,https://boxd.it/15gO
2025-10-13,Boy A,2007,https://boxd.it/1NsY
2025-10-13,What Lies Beneath,2000,https://boxd.it/26v8
2025-10-13,Who Framed Roger Rabbit,1988,https://boxd.it/29ry
2025-10-13,Back to the Future Part II,1989,https://boxd.it/2aYI
2025-10-13,Back to the Future Part III,1990,https://boxd.it/2aTS
2025-10-13,Death Becomes Her,1992,https://boxd.it/1YQi
2025-10-13,Contact,1997,https://boxd.it/29OM
2025-10-13,Playing the Victim,2006,https://boxd.it/1cm
2025-10-13,Yuri's Day,2008,https://boxd.it/16eY
2025-10-13,Proof,2005,https://boxd.it/1XPI
2025-10-13,"Good Morning, Vietnam",1987,https://boxd.it/29Aq
2025-10-13,8 Women,2002,https://boxd.it/27Lm
2025-10-13,Donnie Darko,2001,https://boxd.it/2b2A
2025-10-13,Bad Boys,1995,https://boxd.it/1XVG
2025-10-13,Armageddon,1998,https://boxd.it/2b9Q
2025-10-13,Pearl Harbor,2001,https://boxd.it/29Q4
2025-10-13,Transformers,2007,https://boxd.it/280c
2025-10-13,Transformers: Revenge of the Fallen,2009,https://boxd.it/20gG
2025-10-13,The Island,2005,https://boxd.it/28qE
2025-10-13,Hellboy II: The Golden Army,2008,https://boxd.it/1Ug6
2025-10-13,Monster House,2006,https://boxd.it/1Z2e
2025-10-13,Domino,2005,https://boxd.it/1Xw2
2025-10-13,Perfume: The Story of a Murderer,2006,https://boxd.it/28LW
2025-10-13,Pan's Labyrinth,2006,https://boxd.it/28No
2025-10-13,The International,2009,https://boxd.it/23zG
2025-10-13,True,2004,https://boxd.it/1Upi
2025-10-13,The Pillow Book,1995,https://boxd.it/1tW0
2025-10-13,8 ½ Women,1999,https://boxd.it/1U6U
2025-10-13,"The Cook, the Thief, His Wife & Her Lover",1989,https://boxd.it/20VO
2025-10-13,The Fountain,2006,https://boxd.it/28RU
2025-10-13,The Wrestler,2008,https://boxd.it/1So8
2025-10-13,Pi,1998,https://boxd.it/2ajq
2025-10-13,As Tears Go By,1988,https://boxd.it/1ybI
2025-10-13,Happy Together,1997,https://boxd.it/1Ha0
2025-10-13,Watchmen,2009,https://boxd.it/1QE4
2025-10-13,Atonement,2007,https://boxd.it/24ui
2025-10-13,Jarhead,2005,https://boxd.it/70m
2025-10-13,World Trade Center,2006,https://boxd.it/2810
2025-10-13,Wall Street,1987,https://boxd.it/1VFG
2025-10-13,Born on the Fourth of July,1989,https://boxd.it/26A8
2025-10-13,Lights in the Dusk,2006,https://boxd.it/28Se
2025-10-13,Alexander,2004,https://boxd.it/27K4
2025-10-13,Insomnia,2002,https://boxd.it/2aB0
2025-10-13,A Life Less Ordinary,1997,https://boxd.it/20Bu
2025-10-13,Cat on a Hot Tin Roof,1958,https://boxd.it/2aK2
2025-10-13,The Left Handed Gun,1958,https://boxd.it/WZA
2025-10-13,"The Long, Hot Summer",1958,https://boxd.it/12vG
2025-10-13,Somebody Up There Likes Me,1956,https://boxd.it/1qtO
2025-10-13,Hud,1963,https://boxd.it/1x4Q
2025-10-13,Cool Hand Luke,1967,https://boxd.it/29jY
2025-10-13,The Wild One,1953,https://boxd.it/1p0G
2025-10-13,A Countess from Hong Kong,1967,https://boxd.it/260u
2025-10-13,Sayonara,1957,https://boxd.it/10I4
2025-10-13,The Young Lions,1958,https://boxd.it/113G
2025-10-13,The Fugitive Kind,1960,https://boxd.it/JLq
2025-10-13,The Men,1950,https://boxd.it/27WO
2025-10-13,Julius Caesar,1953,https://boxd.it/1HHy
2025-10-13,Jaws,1975,https://boxd.it/2a5e
2025-10-13,Close Encounters of the Third Kind,1977,https://boxd.it/29u8
2025-10-13,E.T. the Extra-Terrestrial,1982,https://boxd.it/2a1G
2025-10-13,The Color Purple,1985,https://boxd.it/29oO
2025-10-13,Empire of the Sun,1987,https://boxd.it/1X4i
2025-10-13,Always,1989,https://boxd.it/1U3G
2025-10-13,Hook,1991,https://boxd.it/29nQ
2025-10-13,Amistad,1997,https://boxd.it/1SZ4
2025-10-13,Minority Report,2002,https://boxd.it/2aWi
2025-10-13,The Lost World: Jurassic Park,1997,https://boxd.it/2azS
2025-10-13,Indiana Jones and the Kingdom of the Crystal Skull,2008,https://boxd.it/2aR8
2025-10-13,Munich,2005,https://boxd.it/2a0e
2025-10-13,The Tin Drum,1979,https://boxd.it/29SO
2025-10-13,Cruel Intentions,1999,https://boxd.it/29Be
2025-10-13,Legends of the Fall,1994,https://boxd.it/24ho
2025-10-13,Trainspotting,1996,https://boxd.it/29XY
2025-10-13,District 9,2009,https://boxd.it/1Iik
2025-10-13,The Return,2003,https://boxd.it/1UpM
2025-10-13,Finding Nemo,2003,https://boxd.it/72i
2025-10-13,The Breakfast Club,1985,https://boxd.it/27q4
2025-10-13,The Land Before Time,1988,https://boxd.it/1Sr2
2025-10-13,What's Eating Gilbert Grape,1993,https://boxd.it/28xg
2025-10-13,Men in Black,1997,https://boxd.it/2a0I
2025-10-13,Kramer vs. Kramer,1979,https://boxd.it/h0w
2025-10-13,Carlito's Way,1993,https://boxd.it/226e
2025-10-13,Maverick,1994,https://boxd.it/1YSI
2025-10-13,Pirates of the Caribbean: At World's End,2007,https://boxd.it/2aGu
2025-10-13,Up,2009,https://boxd.it/1OEc
2025-10-13,Lady and the Tramp,1955,https://boxd.it/1Wv8
2025-10-13,Dances with Wolves,1990,https://boxd.it/2a4K
2025-10-13,Platoon,1986,https://boxd.it/29BS
2025-10-13,L.A. Confidential,1997,https://boxd.it/27oC
2025-10-13,Interstate 60,2002,https://boxd.it/1DIs
2025-10-13,Die Hard,1988,https://boxd.it/2a7u
2025-10-13,Home Alone,1990,https://boxd.it/29Fg
2025-10-13,Interview with the Vampire,1994,https://boxd.it/29XO
2025-10-13,Eight Below,2006,https://boxd.it/1Zki
2025-10-13,Apocalypto,2006,https://boxd.it/28yy
2025-10-13,Mr. Nobody,2009,https://boxd.it/1k44
2025-10-13,The Terminal,2004,https://boxd.it/2a2O
2025-10-13,Seven Pounds,2008,https://boxd.it/1U8w
2025-10-13,Romeo and Juliet,1968,https://boxd.it/22cQ
2025-10-13,Meet Joe Black,1998,https://boxd.it/2aEI
2025-10-13,Shrek,2001,https://boxd.it/29zi
2025-10-13,Amores Perros,2000,https://boxd.it/2bfu
2025-10-13,Love Actually,2003,https://boxd.it/2aeU
2025-10-13,Ratatouille,2007,https://boxd.it/27ww
2025-10-13,Pirates of the Caribbean: Dead Man's Chest,2006,https://boxd.it/2bfk
2025-10-13,Crash,2004,https://boxd.it/28q0
2025-10-13,Oceans,2009,https://boxd.it/19na
2025-10-13,Pay It Forward,2000,https://boxd.it/1VJI
2025-10-13,Ocean's Eleven,2001,https://boxd.it/2aZm
2025-10-13,Scarface,1983,https://boxd.it/2b7g
2025-10-13,Aladdin,1992,https://boxd.it/29yE
2025-10-13,American Beauty,1999,https://boxd.it/71Y
2025-10-13,Ice Age,2002,https://boxd.it/2apS
2025-10-13,The Lives of Others,2006,https://boxd.it/2a4A
2025-10-13,Lucky Number Slevin,2006,https://boxd.it/2aVu
2025-10-13,Balto,1995,https://boxd.it/1Cwq
2025-10-13,The Fifth Element,1997,https://boxd.it/71k
2025-10-13,Beauty and the Beast,1991,https://boxd.it/1XhG
2025-10-13,Groundhog Day,1993,https://boxd.it/2b3e
2025-10-13,Cast Away,2000,https://boxd.it/20i8
2025-10-13,Inside I'm Dancing,2004,https://boxd.it/1jHO
2025-10-13,Rain Man,1988,https://boxd.it/2avw
2025-10-13,Braveheart,1995,https://boxd.it/2aTI
2025-10-13,The Sixth Sense,1999,https://boxd.it/29Js
2025-10-13,The Butterfly Effect,2004,https://boxd.it/27M0
2025-10-13,Gentlemen of Fortune,1971,https://boxd.it/1CNc
2025-10-13,Awakenings,1990,https://boxd.it/1USu
2025-10-13,The Pianist,2002,https://boxd.it/2aqc
2025-10-13,Catch Me If You Can,2002,https://boxd.it/29VS
2025-10-13,WALL·E,2008,https://boxd.it/1VEo
2025-10-13,The Diamond Arm,1969,https://boxd.it/1CN2
2025-10-13,Back to the Future,1985,https://boxd.it/2b8e
2025-10-13,A Beautiful Mind,2001,https://boxd.it/2amk
2025-10-13,Operation Y and Other Shurik's Adventures,1965,https://boxd.it/1CMI
2025-10-13,Ivan Vasilyevich Changes His Profession,1973,https://boxd.it/1CSQ
2025-10-13,The Lion King,1994,https://boxd.it/201Q
2025-10-13,Forrest Gump,1994,https://boxd.it/728
2025-10-13,Léon: The Professional,1994,https://boxd.it/2b8S
2025-10-13,Into the Wild,2007,https://boxd.it/22m2
2025-10-13,Opening Night,1977,https://boxd.it/1f4e
2025-10-13,The Shining,1980,https://boxd.it/29Nu
2025-10-13,Easy Rider,1969,https://boxd.it/29Ys
2025-10-13,Badlands,1973,https://boxd.it/25Fm
2025-10-13,The Conversation,1974,https://boxd.it/2a38
2025-10-13,Ikiru,1952,https://boxd.it/251c
2025-10-13,Ran,1985,https://boxd.it/1Tlu
2025-10-13,The Magician,1958,https://boxd.it/1nse
2025-10-13,The Virgin Spring,1960,https://boxd.it/1TjI
2025-10-13,Winter Light,1963,https://boxd.it/1nrU
2025-10-13,Autumn Sonata,1978,https://boxd.it/1Rio
2025-10-13,Sympathy for Mr. Vengeance,2002,https://boxd.it/23WU
2025-10-13,Oldboy,2003,https://boxd.it/29R2
2025-10-13,"I'm a Cyborg, But That's OK",2006,https://boxd.it/2328
2025-10-13,Panic Room,2002,https://boxd.it/2490
2025-10-13,The Town,2010,https://boxd.it/1zyS
2025-10-13,The Banquet,2006,https://boxd.it/1O4y
2025-10-13,Akira Kurosawa: It Is Wonderful to Create: 'The Hidden Fortress',2002,https://boxd.it/j0ZA
2025-10-13,Blood Brothers,2007,https://boxd.it/Pz6
2025-10-13,A Chinese Ghost Story,1987,https://boxd.it/1lmI
2025-10-13,Summer Palace,2006,https://boxd.it/1IHk
2025-10-13,Lavender,2000,https://boxd.it/7y6A
2025-10-13,Inception,2010,https://boxd.it/1skk
2025-10-13,"What's Up, Doc?",1972,https://boxd.it/21iy
2025-10-13,Nickelodeon,1976,https://boxd.it/3xY4
2025-10-13,The Witches of Eastwick,1987,https://boxd.it/2272
2025-10-13,Mermaids,1990,https://boxd.it/244u
2025-10-13,Frankie and Johnny,1991,https://boxd.it/250S
2025-10-13,Dangerous Liaisons,1988,https://boxd.it/29r4
2025-10-13,Silkwood,1983,https://boxd.it/1RQK
2025-10-13,Heartburn,1986,https://boxd.it/1PlA
2025-10-13,Postcards from the Edge,1990,https://boxd.it/1ACc
2025-10-13,Scanners,1981,https://boxd.it/1YqE
2025-10-13,Wolf,1994,https://boxd.it/1Wn4
2025-10-13,The Dead Zone,1983,https://boxd.it/1U6g
2025-10-13,Videodrome,1983,https://boxd.it/29uC
2025-10-13,The Fly,1986,https://boxd.it/1YIe
2025-10-13,Dead Ringers,1988,https://boxd.it/1Yqk
2025-10-13,M. Butterfly,1993,https://boxd.it/28O2
2025-10-13,Crash,1996,https://boxd.it/29n2
2025-10-13,Spider,2002,https://boxd.it/1YeI
2025-10-13,Closer,2004,https://boxd.it/270K
2025-10-13,I ♥ Huckabees,2004,https://boxd.it/28vk
2025-10-13,Gattaca,1997,https://boxd.it/29Du
2025-10-13,eXistenZ,1999,https://boxd.it/27Ni
2025-10-13,Cold Mountain,2003,https://boxd.it/270A
2025-10-13,Road to Perdition,2002,https://boxd.it/24Lo
2025-10-13,Red Beard,1965,https://boxd.it/251m
2025-10-13,Ghost Dog: The Way of the Samurai,1999,https://boxd.it/23Ne
2025-10-13,Eat Pray Love,2010,https://boxd.it/16Cc
2025-10-13,Life As We Know It,2010,https://boxd.it/162S
2025-10-13,Year One in the North,2005,https://boxd.it/6hJS
2025-10-13,Purple Butterfly,2003,https://boxd.it/1dFW
2025-10-13,The Human Condition III: A Soldier's Prayer,1961,https://boxd.it/1dIQ
2025-10-13,Balzac and the Little Chinese Seamstress,2002,https://boxd.it/27pA
2025-10-13,Departures,2008,https://boxd.it/1JFa
2025-10-13,Microcosmos,1996,https://boxd.it/1Z0W
2025-10-13,Under the Hawthorn Tree,2010,https://boxd.it/Dp4
2025-10-13,Ken,1964,https://boxd.it/2ITC
2025-10-13,12 Angry Men,1957,https://boxd.it/2auI
2025-10-13,Solaris,1972,https://boxd.it/2a2Y
2025-10-13,The Human Condition II: Road to Eternity,1959,https://boxd.it/1dJa
2025-10-13,A Summer at Grandpa's,1984,https://boxd.it/3fGQ
2025-10-13,Black River,1957,https://boxd.it/3tI2
2025-10-13,Conflagration,1958,https://boxd.it/3m8Q
2025-10-13,The Ballad of Narayama,1958,https://boxd.it/3SPW
2025-10-13,Postmen in the Mountains,1999,https://boxd.it/3FLM
2025-10-13,The Human Condition I: No Greater Love,1959,https://boxd.it/1jAy
2025-10-13,Samurai Rebellion,1967,https://boxd.it/2loc
2025-10-13,Kwaidan,1964,https://boxd.it/1kbY
2025-10-13,The Bird People in China,1998,https://boxd.it/1p9o
2025-10-13,The Horse Thief,1986,https://boxd.it/XWs
2025-10-13,The Hidden Blade,2004,https://boxd.it/1ew2
2025-10-13,Eat Drink Man Woman,1994,https://boxd.it/1Wem
2025-10-13,Stray Dog,1949,https://boxd.it/1ltu
2025-10-13,The Odd One Dies,1997,https://boxd.it/ZXC
2025-10-13,Hiroshima Mon Amour,1959,https://boxd.it/22WY
2025-10-13,Rouge,1987,https://boxd.it/2cdk
2025-10-13,The Puppetmaster,1993,https://boxd.it/3lA0
2025-10-13,Flowers of Shanghai,1998,https://boxd.it/Omq
2025-10-13,In the Name of the Father,1993,https://boxd.it/20I6
2025-10-13,The House of the Spirits,1993,https://boxd.it/274i
2025-10-13,The Remains of the Day,1993,https://boxd.it/291A
2025-10-13,Arizona Dream,1993,https://boxd.it/1UMm
2025-10-13,Underground,1995,https://boxd.it/1SOA
2025-10-13,Ghost,1990,https://boxd.it/2aLE
2025-10-13,State of Grace,1990,https://boxd.it/28ms
2025-10-13,"sex, lies, and videotape",1989,https://boxd.it/28Oc
2025-10-13,Ironweed,1987,https://boxd.it/10vO
2025-10-13,Moonstruck,1987,https://boxd.it/27zg
2025-10-13,The Pointsman,1986,https://boxd.it/6eJ6
2025-10-13,Sophie's Choice,1982,https://boxd.it/1Lzy
2025-10-13,The French Lieutenant's Woman,1981,https://boxd.it/1RLq
2025-10-13,Raiders of the Lost Ark,1981,https://boxd.it/2bbs
2025-10-13,All That Jazz,1979,https://boxd.it/1JB8
2025-10-13,Atlantic City,1980,https://boxd.it/1yCa
2025-10-13,The Duellists,1977,https://boxd.it/1FLI
2025-10-13,Star Wars,1977,https://boxd.it/72s
2025-10-13,Halloween,1978,https://boxd.it/2wRu
2025-10-13,The Thing,1982,https://boxd.it/294O
2025-10-13,Assault on Precinct 13,1976,https://boxd.it/1I2c
2025-10-13,Mr. Klein,1976,https://boxd.it/jgw
2025-10-13,"The Irony of Fate, or Enjoy Your Bath!",1976,https://boxd.it/Uv4
2025-10-13,The Dawns Here Are Quiet,1972,https://boxd.it/GRg
2025-10-13,The Discreet Charm of the Bourgeoisie,1972,https://boxd.it/2440
2025-10-13,The French Connection,1971,https://boxd.it/296g
2025-10-13,Trial on the Road,1971,https://boxd.it/2q9m
2025-10-13,Tristana,1970,https://boxd.it/1bPg
2025-10-13,Bonnie and Clyde,1967,https://boxd.it/2ajg
2025-10-13,Butch Cassidy and the Sundance Kid,1969,https://boxd.it/29Vy
2025-10-13,Belle de Jour,1967,https://boxd.it/29Uq
2025-10-13,The Hustler,1961,https://boxd.it/298G
2025-10-13,Nazarín,1959,https://boxd.it/1cLk
2025-10-13,Rebel Without a Cause,1955,https://boxd.it/2aQu
2025-10-13,Touch of Evil,1958,https://boxd.it/28II
2025-10-13,Roman Holiday,1953,https://boxd.it/29zW
2025-10-13,The African Queen,1951,https://boxd.it/2ai8
2025-10-13,Casablanca,1942,https://boxd.it/2aG0
2025-10-13,It's a Wonderful Life,1946,https://boxd.it/28xA
2025-10-13,Gentleman's Agreement,1947,https://boxd.it/1f3U
2025-10-13,A Streetcar Named Desire,1951,https://boxd.it/29Mc
2025-10-13,Viva Zapata!,1952,https://boxd.it/286O
2025-10-13,The Last Tycoon,1976,https://boxd.it/17xW
2025-10-13,A Special Day,1977,https://boxd.it/Xqc
2025-10-13,The Terrace,1980,https://boxd.it/2FTE
2025-10-13,Macaroni,1985,https://boxd.it/gBc
2025-10-13,L'Avventura,1960,https://boxd.it/23hs
2025-10-13,Zabriskie Point,1970,https://boxd.it/25Yy
2025-10-13,High and Low,1963,https://boxd.it/1RSc
2025-10-13,Dersu Uzala,1975,https://boxd.it/1XRO
2025-10-13,Throne of Blood,1957,https://boxd.it/251w
2025-10-13,"Germany, Year Zero",1948,https://boxd.it/20FG
2025-10-13,Stromboli,1950,https://boxd.it/24Js
2025-10-13,Journey to Italy,1954,https://boxd.it/26o2
2025-10-13,Paisan,1946,https://boxd.it/20ay
2025-10-13,"Rome, Open City",1945,https://boxd.it/2aD6
2025-10-13,Twenty Days Without War,1976,https://boxd.it/4jlO
2025-10-13,Damage,1992,https://boxd.it/1URm
2025-10-13,Beyond the Clouds,1995,https://boxd.it/1fkw
2025-10-13,Angel Heart,1987,https://boxd.it/29WG
2025-10-13,The Road to Wellville,1994,https://boxd.it/1WbW
2025-10-13,Evita,1996,https://boxd.it/1ZOC
2025-10-13,Midnight Express,1978,https://boxd.it/1U7I
2025-10-13,Fame,1980,https://boxd.it/25gc
2025-10-13,Birdy,1984,https://boxd.it/1Ucy
2025-10-13,Even Cowgirls Get the Blues,1993,https://boxd.it/1dSG
2025-10-13,To Die For,1995,https://boxd.it/2a5o
2025-10-13,Good Will Hunting,1997,https://boxd.it/2ahY
2025-10-13,Finding Forrester,2000,https://boxd.it/29KK
2025-10-13,Elephant,2003,https://boxd.it/287i
2025-10-13,Last Days,2005,https://boxd.it/28lY
2025-10-13,Paranoid Park,2007,https://boxd.it/27GQ
2025-10-13,Milk,2008,https://boxd.it/1WZC
2025-10-13,Drugstore Cowboy,1989,https://boxd.it/2aj6
2025-10-13,Europa,1991,https://boxd.it/1ZfM
2025-10-13,Breaking the Waves,1996,https://boxd.it/2b1W
2025-10-13,Dancer in the Dark,2000,https://boxd.it/71E
2025-10-13,Manderlay,2005,https://boxd.it/27Mu
2025-10-13,Antichrist,2009,https://boxd.it/1Inu
2025-10-13,Point Break,1991,https://boxd.it/2958
2025-10-13,Unforgiven,1992,https://boxd.it/6Z4
2025-10-13,A Perfect World,1993,https://boxd.it/1Yng
2025-10-13,The Bridges of Madison County,1995,https://boxd.it/29Os
2025-10-13,Absolute Power,1997,https://boxd.it/2bem
2025-10-13,Million Dollar Baby,2004,https://boxd.it/2bdI
2025-10-13,Flags of Our Fathers,2006,https://boxd.it/255y
2025-10-13,Changeling,2008,https://boxd.it/25aS
2025-10-13,Gran Torino,2008,https://boxd.it/1Qzy
2025-10-13,9½ Weeks,1986,https://boxd.it/1XaA
2025-10-13,Basic Instinct,1992,https://boxd.it/2asM
2025-10-13,Scent of a Woman,1992,https://boxd.it/1YAu
2025-10-13,The Shawshank Redemption,1994,https://boxd.it/2aHi
2025-10-13,The Green Mile,1999,https://boxd.it/2agG
2025-10-13,Before Sunrise,1995,https://boxd.it/2bcU
2025-10-13,Tape,2001,https://boxd.it/1yCu
2025-10-13,Before Sunset,2004,https://boxd.it/2bcg
2025-10-13,The Last of the Mohicans,1992,https://boxd.it/1YSo
2025-10-13,Heat,1995,https://boxd.it/2bg8
2025-10-13,The Insider,1999,https://boxd.it/1ZoE
2025-10-13,Ali,2001,https://boxd.it/205e
2025-10-13,The Nightmare Before Christmas,1993,https://boxd.it/1YzQ
2025-10-13,Batman Returns,1992,https://boxd.it/2awa
2025-10-13,Ed Wood,1994,https://boxd.it/2adM
2025-10-13,Mars Attacks!,1996,https://boxd.it/2bd4
2025-10-13,Planet of the Apes,2001,https://boxd.it/29ps
2025-10-13,Sleepy Hollow,1999,https://boxd.it/26u0
2025-10-13,Big Fish,2003,https://boxd.it/2a3M
2025-10-13,Charlie and the Chocolate Factory,2005,https://boxd.it/2b68
2025-10-13,Beetlejuice,1988,https://boxd.it/24QI
2025-10-13,Batman,1989,https://boxd.it/2aIU
2025-10-13,Edward Scissorhands,1990,https://boxd.it/2aZc
2025-10-13,The Adventures of Baron Munchausen,1988,https://boxd.it/1NXs
2025-10-13,The Fisher King,1991,https://boxd.it/2aWM
2025-10-13,The Brothers Grimm,2005,https://boxd.it/24kW
2025-10-13,The Imaginarium of Doctor Parnassus,2009,https://boxd.it/20DA
2025-10-13,Jabberwocky,1977,https://boxd.it/1SYK
2025-10-13,Time Bandits,1981,https://boxd.it/19KI
2025-10-13,Intolerable Cruelty,2003,https://boxd.it/1T7i
2025-10-13,"O Brother, Where Art Thou?",2000,https://boxd.it/2b3I
2025-10-13,Paris Je T'aime,2006,https://boxd.it/273a
2025-10-13,No Country for Old Men,2007,https://boxd.it/21ew
2025-10-13,Burn After Reading,2008,https://boxd.it/23BW
2025-10-13,Miller's Crossing,1990,https://boxd.it/2avG
2025-10-13,Akira,1988,https://boxd.it/2b1i
2025-10-13,Memories,1995,https://boxd.it/Vz2
2025-10-13,Howl's Moving Castle,2004,https://boxd.it/23De
2025-10-13,Steamboy,2004,https://boxd.it/1ZvA
2025-10-13,Ponyo,2008,https://boxd.it/1S0A
2025-10-13,Nausicaä of the Valley of the Wind,1984,https://boxd.it/2bc6
2025-10-13,Castle in the Sky,1986,https://boxd.it/1W4G
2025-10-13,My Neighbor Totoro,1988,https://boxd.it/20eA
2025-10-13,Kiki's Delivery Service,1989,https://boxd.it/1JAY
2025-10-13,Porco Rosso,1992,https://boxd.it/1Tp2
2025-10-13,Princess Mononoke,1997,https://boxd.it/2b4w
2025-10-13,Spirited Away,2001,https://boxd.it/2b4m
2025-10-13,Jackie Brown,1997,https://boxd.it/2aVO
2025-10-13,Kill Bill: Vol. 1,2003,https://boxd.it/70w
2025-10-13,Four Rooms,1995,https://boxd.it/73g
2025-10-13,Le Silence de la mer,1949,https://boxd.it/11g6
2025-10-13,The Strange Ones,1950,https://boxd.it/1Mkk
2025-10-13,The Devil's Advocate,1997,https://boxd.it/286k
2025-10-13,Starship Troopers,1997,https://boxd.it/2a7k
2025-10-13,The Boxer,1997,https://boxd.it/1Jo4
2025-10-13,Run Lola Run,1998,https://boxd.it/2b8o
2025-10-13,The Emperor and the Assassin,1998,https://boxd.it/1Wom
2025-10-13,Fear and Loathing in Las Vegas,1998,https://boxd.it/27Xs
2025-10-13,The Thin Red Line,1998,https://boxd.it/1ZTM
2025-10-13,Eyes Wide Shut,1999,https://boxd.it/2axs
2025-10-13,No Trains No Planes,1999,https://boxd.it/5kkY
2025-10-13,Titanic,1997,https://boxd.it/2a2k
2025-10-13,Joint Security Area,2000,https://boxd.it/26Ja
2025-10-13,The Hours,2002,https://boxd.it/2a3s
2025-10-13,The Twilight Samurai,2002,https://boxd.it/1RRI
2025-10-13,L'Eclisse,1962,https://boxd.it/1CoG
2025-10-13,Terminator 2: Judgment Day,1991,https://boxd.it/2aGY
2025-10-13,Days of Eclipse,1988,https://boxd.it/OtG
2025-10-13,Moloch,1999,https://boxd.it/qfK
2025-10-13,Taurus,2001,https://boxd.it/Ol8
2025-10-13,The Sun,2005,https://boxd.it/3o50
2025-10-13,21 Grams,2003,https://boxd.it/2ajK
2025-10-13,Memories of Murder,2003,https://boxd.it/1TSo
2025-10-13,"Spring, Summer, Fall, Winter... and Spring",2003,https://boxd.it/2b6W
2025-10-13,Pirates of the Caribbean: The Curse of the Black Pearl,2003,https://boxd.it/70G
2025-10-13,Kill Bill: Vol. 2,2004,https://boxd.it/2au4
2025-10-13,Eternal Sunshine of the Spotless Mind,2004,https://boxd.it/6YK
2025-10-13,Wings of Desire,1987,https://boxd.it/2b26
2025-10-13,Don't Come Knocking,2005,https://boxd.it/25gQ
2025-10-13,The Ape Woman,1964,https://boxd.it/cMU
2025-10-13,The Conjugal Bed,1963,https://boxd.it/2fYI
2025-10-13,The Audience,1972,https://boxd.it/2RxU
2025-10-13,Gosford Park,2001,https://boxd.it/239e
2025-10-13,The Company,2003,https://boxd.it/zYO
2025-10-13,Thieves Like Us,1974,https://boxd.it/1iBK
2025-10-13,Nashville,1975,https://boxd.it/25GE
2025-10-13,"Buffalo Bill and the Indians, or Sitting Bull's History Lesson",1976,https://boxd.it/Xpy
2025-10-13,Vincent & Theo,1990,https://boxd.it/s8G
2025-10-13,Prêt-à-Porter,1994,https://boxd.it/259U
2025-10-13,M*A*S*H,1970,https://boxd.it/29U6
2025-10-13,McCabe & Mrs. Miller,1971,https://boxd.it/1ooC
2025-10-13,The Sheltering Sky,1990,https://boxd.it/1yuK
2025-10-13,Little Buddha,1993,https://boxd.it/28iq
2025-10-13,Stealing Beauty,1996,https://boxd.it/1NRu
2025-10-13,Besieged,1998,https://boxd.it/Sjq
2025-10-13,La Commare Secca,1962,https://boxd.it/Vye
2025-10-13,Partner,1968,https://boxd.it/WpM
2025-10-13,The Spider's Stratagem,1970,https://boxd.it/WvA
2025-10-13,The Last Emperor,1987,https://boxd.it/29Ji
2025-10-13,The Godfather Part III,1990,https://boxd.it/2aN6
2025-10-13,The Outsiders,1983,https://boxd.it/2aPw
2025-10-13,Rumble Fish,1983,https://boxd.it/2aOI
2025-10-13,Peggy Sue Got Married,1986,https://boxd.it/1XiO
2025-10-13,Gardens of Stone,1987,https://boxd.it/1pKu
2025-10-13,Bram Stoker's Dracula,1992,https://boxd.it/223a
2025-10-13,The Purple Rose of Cairo,1985,https://boxd.it/1VeU
2025-10-13,Hannah and Her Sisters,1986,https://boxd.it/23jy
2025-10-13,Radio Days,1987,https://boxd.it/1kms
2025-10-13,Bullets Over Broadway,1994,https://boxd.it/1TYQ
2025-10-13,Love and Death,1975,https://boxd.it/1TeS
2025-10-13,Annie Hall,1977,https://boxd.it/29M2
2025-10-13,Interiors,1978,https://boxd.it/1LlQ
2025-10-13,Manhattan,1979,https://boxd.it/29Na
2025-10-13,The Mosquito Coast,1986,https://boxd.it/1UAA
2025-10-13,Dead Poets Society,1989,https://boxd.it/2aSg
2025-10-13,Green Card,1990,https://boxd.it/1Sp6
2025-10-13,Fearless,1993,https://boxd.it/1WfE
2025-10-13,The Truman Show,1998,https://boxd.it/18U8
2025-10-13,Master and Commander: The Far Side of the World,2003,https://boxd.it/200S
2025-10-13,Picnic at Hanging Rock,1975,https://boxd.it/1UQe
2025-10-13,The Last Wave,1977,https://boxd.it/2oOM
2025-10-13,The Plumber,1979,https://boxd.it/3lSy
2025-10-13,Gallipoli,1981,https://boxd.it/1Tlk
2025-10-13,The Year of Living Dangerously,1982,https://boxd.it/1TBs
2025-10-13,Witness,1985,https://boxd.it/1Z4O
2025-10-13,The Cars That Ate Paris,1974,https://boxd.it/awU
2025-10-13,La Grande Bouffe,1973,https://boxd.it/1X5q
2025-10-13,Kagemusha,1980,https://boxd.it/1SGG
2025-10-13,Twelve Monkeys,1995,https://boxd.it/2beQ
2025-10-13,Days of Heaven,1978,https://boxd.it/1JRg
2025-10-13,Au Revoir les Enfants,1987,https://boxd.it/288U
2025-10-13,Brazil,1985,https://boxd.it/2be2
2025-10-13,The Passenger,1975,https://boxd.it/1Y8q
2025-10-13,Blade Runner,1982,https://boxd.it/2bcA
2025-10-13,Zelig,1983,https://boxd.it/1UOC
2025-10-13,The Terminator,1984,https://boxd.it/2aQY
2025-10-13,Cabaret,1972,https://boxd.it/1Vpe
2025-10-13,Paper Moon,1973,https://boxd.it/1Ud2
2025-10-13,Chinatown,1974,https://boxd.it/29vU
2025-10-13,Aliens,1986,https://boxd.it/29PA
2025-10-13,Dogville,2003,https://boxd.it/2a8W
2025-10-13,Rashomon,1950,https://boxd.it/2a9K
2025-10-13,La Notte,1961,https://boxd.it/10iU
2025-10-13,Ivan's Childhood,1962,https://boxd.it/1j6y
2025-10-13,Dillinger Is Dead,1969,https://boxd.it/otU
2025-10-13,Amadeus,1984,https://boxd.it/2aH8
2025-10-13,The Matrix,1999,https://boxd.it/2a1m
2025-10-13,The Lovers,1958,https://boxd.it/26BK
2025-10-13,The Damned,1969,https://boxd.it/YiS
2025-10-13,The Last Picture Show,1971,https://boxd.it/1weg
2025-10-13,Citizen Kane,1941,https://boxd.it/71O
2025-10-13,Wild Strawberries,1957,https://boxd.it/29ZU
2025-10-13,Shame,1968,https://boxd.it/1tZo
2025-10-13,Bye Bye Monkey,1978,https://boxd.it/Xu4
2025-10-13,Stalker,1979,https://boxd.it/28PO
2025-10-13,Elevator to the Gallows,1958,https://boxd.it/294u
2025-10-13,Alien,1979,https://boxd.it/2awY
2025-10-13,The Elephant Man,1980,https://boxd.it/27LQ
2025-10-13,Seven Samurai,1954,https://boxd.it/2axi
2025-10-13,The Seventh Seal,1957,https://boxd.it/2ahO
2025-10-13,Persona,1966,https://boxd.it/29B4
2025-10-13,Last Tango in Paris,1972,https://boxd.it/28pw
2025-10-13,"Lacombe, Lucien",1974,https://boxd.it/rZu
2025-10-13,Blow-Up,1966,https://boxd.it/2966
2025-10-13,Once Upon a Time in the West,1968,https://boxd.it/2az4
2025-10-13,Once Upon a Time in America,1984,https://boxd.it/2aCs
2025-10-13,The Silence of the Lambs,1991,https://boxd.it/2aHW
2025-10-13,The Godfather,1972,https://boxd.it/2aNK
2025-10-13,The Godfather Part II,1974,https://boxd.it/2aNq
2025-10-13,One Flew Over the Cuckoo's Nest,1975,https://boxd.it/2aeA
2025-10-13,Apocalypse Now,1979,https://boxd.it/6ZS
2025-10-13,The New World,2005,https://boxd.it/1TVW
2025-10-13,A History of Violence,2005,https://boxd.it/2bfa
2025-10-13,Letters from Iwo Jima,2006,https://boxd.it/290C
2025-10-13,The Assassination of Jesse James by the Coward Robert Ford,2007,https://boxd.it/24dG
2025-10-13,There Will Be Blood,2007,https://boxd.it/20Z2
2025-10-13,5 Centimeters per Second,2007,https://boxd.it/16G4
2025-10-13,The Curious Case of Benjamin Button,2008,https://boxd.it/23Fk
2025-10-13,Inglourious Basterds,2009,https://boxd.it/1JzG
2025-10-13,Le Samouraï,1967,https://boxd.it/22ZI
2025-10-13,Army of Shadows,1969,https://boxd.it/1Mli
2025-10-13,Le Cercle Rouge,1970,https://boxd.it/1Tjy
2025-10-13,A Cop,1972,https://boxd.it/W8G
2025-10-13,Le Doulos,1962,https://boxd.it/1CVg
2025-10-13,"Léon Morin, Priest",1961,https://boxd.it/5O0
2025-10-13,The White Sheik,1952,https://boxd.it/UG2
2025-10-13,La Strada,1954,https://boxd.it/2asi
2025-10-13,Nights of Cabiria,1957,https://boxd.it/1F7e
2025-10-13,La Dolce Vita,1960,https://boxd.it/2anC
2025-10-13,8½,1963,https://boxd.it/2aqm
2025-10-13,Amarcord,1973,https://boxd.it/20NA
2025-10-13,Fellini's Casanova,1976,https://boxd.it/Xp4
2025-10-13,Orchestra Rehearsal,1978,https://boxd.it/JJk
2025-10-13,City of Women,1980,https://boxd.it/1SJg
2025-10-13,And the Ship Sails On,1983,https://boxd.it/22RO
2025-10-13,Ginger and Fred,1986,https://boxd.it/XVY
2025-10-13,Perhaps Love,2005,https://boxd.it/RU6
2025-10-13,Love and Honor,2006,https://boxd.it/1Dle
2025-10-13,Bodyguards and Assassins,2009,https://boxd.it/1kZY
2025-10-13,The Drummer,2007,https://boxd.it/1e7w
2025-10-13,Running on Empty,1988,https://boxd.it/1How
2025-10-13,Indiana Jones and the Last Crusade,1989,https://boxd.it/2baO
2025-10-13,I Love You to Death,1990,https://boxd.it/25JI
2025-10-13,Dogfight,1991,https://boxd.it/1NCk
2025-10-13,My Own Private Idaho,1991,https://boxd.it/2ak4
2025-10-13,Sneakers,1992,https://boxd.it/26VU
2025-10-13,The Thing Called Love,1993,https://boxd.it/1qWw
2025-10-13,Little Nikita,1988,https://boxd.it/1RQg
2025-10-13,Explorers,1985,https://boxd.it/1XE6
2025-10-13,Stand by Me,1986,https://boxd.it/2aOe
2025-10-13,Gloria,1980,https://boxd.it/gYg
2025-10-13,Love Streams,1984,https://boxd.it/zOk
2025-10-13,Big Trouble,1986,https://boxd.it/2HOc
2025-10-13,Faces,1968,https://boxd.it/29Ia
2025-10-13,Husbands,1970,https://boxd.it/zOY
2025-10-13,Minnie and Moskowitz,1971,https://boxd.it/1xPi
2025-10-13,A Woman Under the Influence,1974,https://boxd.it/1myg
2025-10-13,The Killing of a Chinese Bookie,1976,https://boxd.it/1hS6
2025-10-13,Too Late Blues,1961,https://boxd.it/2BQ2
2025-10-13,A Child Is Waiting,1963,https://boxd.it/38WC
2025-10-13,The Promise,2005,https://boxd.it/27E6
2025-10-13,Together,2002,https://boxd.it/1H4G
2025-10-13,Farewell My Concubine,1993,https://boxd.it/1UTM
2025-10-13,Temptress Moon,1996,https://boxd.it/K64
2025-10-13,My Voyage to Italy,1999,https://boxd.it/x82
2025-10-13,Gangs of New York,2002,https://boxd.it/25FG
2025-10-13,Shine a Light,2008,https://boxd.it/20JS
2025-10-13,The Color of Money,1986,https://boxd.it/1SSM
2025-10-13,The Last Temptation of Christ,1988,https://boxd.it/1ULe
2025-10-13,Cape Fear,1991,https://boxd.it/28vu
2025-10-13,Casino,1995,https://boxd.it/2ads
2025-10-13,Kundun,1997,https://boxd.it/1XUe
2025-10-13,Mean Streets,1973,https://boxd.it/2aSU
2025-10-13,Alice Doesn't Live Here Anymore,1974,https://boxd.it/1KIa
2025-10-13,Taxi Driver,1976,https://boxd.it/2b8y
2025-10-13,"New York, New York",1977,https://boxd.it/1Rw6
2025-10-13,Raging Bull,1980,https://boxd.it/28yI
2025-10-13,The King of Comedy,1982,https://boxd.it/2aJS
2025-10-13,After Hours,1985,https://boxd.it/1VfS
2025-10-13,The Killing,1956,https://boxd.it/2aMi
2025-10-13,Paths of Glory,1957,https://boxd.it/29b6
2025-10-13,Lolita,1962,https://boxd.it/29Ag
2025-10-13,Dr. Strangelove or: How I Learned to Stop Worrying and Love the Bomb,1964,https://boxd.it/29eY
2025-10-13,2001: A Space Odyssey,1968,https://boxd.it/2bf0
2025-10-13,A Clockwork Orange,1971,https://boxd.it/2aVE
2025-10-13,Barry Lyndon,1975,https://boxd.it/25A2
2025-10-13,Full Metal Jacket,1987,https://boxd.it/2a1Q
2025-10-13,The Scent of Green Papaya,1993,https://boxd.it/1EWq
2025-10-13,The Vertical Ray of the Sun,2000,https://boxd.it/1d6s
2025-10-13,Chinese Odyssey 2002,2002,https://boxd.it/PGw
2025-10-13,Riding Alone for Thousands of Miles,2005,https://boxd.it/1OvO
2025-10-13,Curse of the Golden Flower,2006,https://boxd.it/28GC
2025-10-13,To Live,1994,https://boxd.it/1j6S
2025-10-13,Shanghai Triad,1995,https://boxd.it/1842
2025-10-13,Not One Less,1999,https://boxd.it/1b58
2025-10-13,The Road Home,1999,https://boxd.it/1S80
2025-10-13,Red Sorghum,1988,https://boxd.it/XYo
2025-10-13,Raise the Red Lantern,1991,https://boxd.it/1WlC
2025-10-13,The Story of Qiu Ju,1992,https://boxd.it/16FU
2025-10-13,My Blueberry Nights,2007,https://boxd.it/27H0
2025-10-13,Days of Being Wild,1990,https://boxd.it/1HbC
2025-10-13,Ashes of Time,1994,https://boxd.it/111K
2025-10-13,In the Mood for Love,2000,https://boxd.it/29tE
2025-10-13,Chungking Express,1994,https://boxd.it/1UDa
2025-10-13,Fallen Angels,1995,https://boxd.it/1UkW
2025-10-13,Men's Nightless Castle,1998,https://boxd.it/LkS6
2025-10-13,"Turn Left, Turn Right",2003,https://boxd.it/ZXs
2025-10-13,House of Flying Daggers,2004,https://boxd.it/1YoI
2025-10-13,Confession of Pain,2006,https://boxd.it/1G9q
2025-10-13,Lost and Found,1996,https://boxd.it/3Vt0
2025-10-13,Too Tired to Die,1998,https://boxd.it/5CXO
2025-10-13,Anna Magdalena,1998,https://boxd.it/3VQe
2025-10-13,Three Times,2005,https://boxd.it/1Tzm
2025-10-13,The Time to Live and the Time to Die,1985,https://boxd.it/Oc6
2025-10-13,Dust in the Wind,1986,https://boxd.it/OcA
2025-10-13,A City of Sadness,1989,https://boxd.it/EIm
2025-10-13,Son of a Rich,2024,https://boxd.it/N4cM
2025-10-13,Everybody Wants Some!!,2016,https://boxd.it/9mgM
2025-10-13,A Brighter Summer Day,1991,https://boxd.it/1Luy
2025-10-13,The Assassin,2015,https://boxd.it/7rdE
2025-10-13,Wild at Heart,1990,https://boxd.it/2aii
2025-10-13,Dead Man,1995,https://boxd.it/29h4
2025-10-13,Life,2017,https://boxd.it/dRqG
2025-10-13,Alien: Covenant,2017,https://boxd.it/49UY
2025-10-13,1492: Conquest of Paradise,1992,https://boxd.it/28GW
2025-10-13,The Promise,2016,https://boxd.it/bYFk
2025-10-13,King Arthur: Legend of the Sword,2017,https://boxd.it/8lDS
2025-10-13,Guardians of the Galaxy Vol. 2,2017,https://boxd.it/8MxC
2025-10-13,Guardians of the Galaxy,2014,https://boxd.it/3VH2
2025-10-13,Miracle on 34th Street,1947,https://boxd.it/1SRu
2025-10-13,Life Is Beautiful,1997,https://boxd.it/29Wm
2025-10-13,Kong: Skull Island,2017,https://boxd.it/9ewM
2025-10-13,Midnight in Paris,2011,https://boxd.it/i4a
2025-10-13,Kingsman: The Secret Service,2014,https://boxd.it/6dxe
2025-10-13,Eddie the Eagle,2015,https://boxd.it/amAY
2025-10-13,X-Men,2000,https://boxd.it/1a7s
2025-10-13,X2,2003,https://boxd.it/1a7i
2025-10-13,X-Men: The Last Stand,2006,https://boxd.it/1a5Q
2025-10-13,X-Men: Days of Future Past,2014,https://boxd.it/4aRw
2025-10-13,Logan,2017,https://boxd.it/7Piy
2025-10-13,Her,2013,https://boxd.it/4O24
2025-10-13,La La Land,2016,https://boxd.it/a5fa
2025-10-13,John Wick,2014,https://boxd.it/7dEc
2025-10-13,Sicario,2015,https://boxd.it/8i7u
2025-10-13,Hacksaw Ridge,2016,https://boxd.it/azew
2025-10-13,Arrival,2016,https://boxd.it/aNGk
2025-10-13,Inside Out,2015,https://boxd.it/4KHC
2025-10-13,Whiplash,2013,https://boxd.it/cJds
2025-10-13,Fracture,2007,https://boxd.it/220K
2025-10-13,The Audition,2015,https://boxd.it/cEHC
2025-10-13,A Driver for Vera,2004,https://boxd.it/1cw
2025-10-13,How the Grinch Stole Christmas,2000,https://boxd.it/1ZHQ
2025-10-13,Bad Santa,2003,https://boxd.it/1WYk
2025-10-13,Black Death,2010,https://boxd.it/ZUI
2025-10-13,Flesh + Blood,1985,https://boxd.it/1Rg8
2025-10-13,Fantastic Beasts and Where to Find Them,2016,https://boxd.it/7FPC
2025-10-13,Deadpool,2016,https://boxd.it/9fOC
2025-10-13,Rogue One: A Star Wars Story,2016,https://boxd.it/aPvy
2025-10-13,The Legend of Tarzan,2016,https://boxd.it/7DUU
2025-10-13,The Place Beyond the Pines,2012,https://boxd.it/3mDu
2025-10-13,"Crazy, Stupid, Love.",2011,https://boxd.it/D9A
2025-10-13,The Nice Guys,2016,https://boxd.it/94Hg
2025-10-13,The Magnificent Seven,2016,https://boxd.it/aZAy
2025-10-13,Super 8,2011,https://boxd.it/dVI
2025-10-13,Money Monster,2016,https://boxd.it/9GCS
2025-10-13,Into the Woods,2014,https://boxd.it/6DtW
2025-10-13,The Shallows,2016,https://boxd.it/aXgQ
2025-10-13,Marnie,1964,https://boxd.it/2afe
2025-10-13,American Gangster,2007,https://boxd.it/23wi
2025-10-13,The Martian,2015,https://boxd.it/8SeG
2025-10-13,Man on Fire,2004,https://boxd.it/1Yvk
2025-10-13,Déjà Vu,2006,https://boxd.it/20PQ
2025-10-13,Mission: Impossible – Rogue Nation,2015,https://boxd.it/5rI4
2025-10-13,Demolition,2015,https://boxd.it/9GuY
2025-10-13,The Offence,1973,https://boxd.it/1gPq
2025-10-13,The Anderson Tapes,1971,https://boxd.it/1keS
2025-10-13,Robin Hood: Prince of Thieves,1991,https://boxd.it/20hu
2025-10-13,The Name of the Rose,1986,https://boxd.it/2aUw
2025-10-13,Dirty Grandpa,2016,https://boxd.it/99pG
2025-10-13,A Hologram for the King,2016,https://boxd.it/86Jw
2025-10-13,Gods of Egypt,2016,https://boxd.it/6aje
2025-10-13,Jason and the Argonauts,2000,https://boxd.it/1k60
2025-10-13,Zootopia,2016,https://boxd.it/84xS
2025-10-13,Ex Machina,2015,https://boxd.it/7T2k
2025-10-13,Transformers: Age of Extinction,2014,https://boxd.it/3d1m
2025-10-13,Street of Shame,1956,https://boxd.it/UWO
2025-10-13,The Wedding Planner,2001,https://boxd.it/27Cu
2025-10-13,I Live in Fear,1955,https://boxd.it/1BOo
2025-10-13,Sanjuro,1962,https://boxd.it/1TaQ
2025-10-13,Rhapsody in August,1991,https://boxd.it/1D8a
2025-10-13,Scandal,1950,https://boxd.it/1gG4
2025-10-13,The Idiot,1951,https://boxd.it/1x0O
2025-10-13,Seconds,1966,https://boxd.it/1Dbe
2025-10-13,Dodes'ka-den,1970,https://boxd.it/1fVs
2025-10-13,Dreams,1990,https://boxd.it/1ROu
2025-10-13,The Bad Sleep Well,1960,https://boxd.it/1iLA
2025-10-13,The Grandmaster,2013,https://boxd.it/QU0
2025-10-13,The Big Short,2015,https://boxd.it/ajZw
2025-10-13,Se7en,1995,https://boxd.it/29zs
2025-10-13,The Game,1997,https://boxd.it/26vC
2025-10-13,"Hail, Caesar!",2016,https://boxd.it/881G
2025-10-13,The Lower Depths,1957,https://boxd.it/1sWo
2025-10-13,Drunken Angel,1948,https://boxd.it/1uYQ
2025-10-13,Vertigo,1958,https://boxd.it/2apI
2025-10-13,BUtterfield 8,1960,https://boxd.it/1yRY
2025-10-13,Night Watch,1973,https://boxd.it/11VI
2025-10-13,The Manchurian Candidate,1962,https://boxd.it/299Y
2025-10-13,Darling,1965,https://boxd.it/1yfq
2025-10-13,The Running Man,1963,https://boxd.it/4Baa
2025-10-13,Oliver!,1968,https://boxd.it/1HQU
2025-10-13,Walk on the Wild Side,1962,https://boxd.it/faE
2025-10-13,Mad Max: Fury Road,2015,https://boxd.it/2DjO
2025-10-13,The Wolf of Wall Street,2013,https://boxd.it/3C1m
2025-10-13,Joy,2015,https://boxd.it/8kEU
2025-10-13,The Hateful Eight,2015,https://boxd.it/8gw8
2025-10-13,The Revenant,2015,https://boxd.it/8H5e
2025-10-13,What a Way to Go!,1964,https://boxd.it/1z3K
2025-10-13,A New Kind of Love,1963,https://boxd.it/W08
2025-10-13,Lady L,1965,https://boxd.it/2s5c
2025-10-13,Steve Jobs,2015,https://boxd.it/araG
2025-10-13,A Letter to Elia,2010,https://boxd.it/32e
2025-10-13,America America,1963,https://boxd.it/LbE
2025-10-13,Glengarry Glen Ross,1992,https://boxd.it/1Yw8
2025-10-13,Deathtrap,1982,https://boxd.it/1IpU
2025-10-13,Dick Tracy,1990,https://boxd.it/201w
2025-10-13,The Santa Clause,1994,https://boxd.it/1TWK
2025-10-13,"Now, Voyager",1942,https://boxd.it/1gvq
2025-10-13,Taking Off,1971,https://boxd.it/hnq
2025-10-13,Days of Wine and Roses,1962,https://boxd.it/1h4A
2025-10-13,Fail Safe,1964,https://boxd.it/2afS
2025-10-13,Coming Home,1978,https://boxd.it/1iBA
2025-10-13,The Deer Hunter,1978,https://boxd.it/1T6O
2025-10-13,The Last Detail,1973,https://boxd.it/1Nbe
2025-10-13,Hair,1979,https://boxd.it/1VIA
2025-10-13,The Hill,1965,https://boxd.it/1xJY
2025-10-13,Red Corner,1997,https://boxd.it/1YL8
2025-10-13,The League of Extraordinary Gentlemen,2003,https://boxd.it/1ZVy
2025-10-13,Entrapment,1999,https://boxd.it/282i
2025-10-13,The Pawnbroker,1964,https://boxd.it/1Dj8
2025-10-13,The Thomas Crown Affair,1968,https://boxd.it/29iw
2025-10-13,Fiddler on the Roof,1971,https://boxd.it/1Nle
2025-10-13,Jeremiah Johnson,1972,https://boxd.it/1SIi
2025-10-13,The Rain People,1969,https://boxd.it/iya
2025-10-13,The Cotton Club,1984,https://boxd.it/27kK
2025-10-13,...And Justice for All,1979,https://boxd.it/1IFI
2025-10-13,Being There,1979,https://boxd.it/1WxS
2025-10-13,Klute,1971,https://boxd.it/2ako
2025-10-13,"Rally 'Round the Flag, Boys!",1958,https://boxd.it/3Kn6
2025-10-13,I Confess,1953,https://boxd.it/1lPK
2025-10-13,Torn Curtain,1966,https://boxd.it/22zq
2025-10-13,Psycho,1960,https://boxd.it/2ab2
2025-10-13,This Property Is Condemned,1966,https://boxd.it/4Ig
2025-10-13,The Prize,1963,https://boxd.it/24Q4
2025-10-13,Star Wars: Episode II – Attack of the Clones,2002,https://boxd.it/27V2
2025-10-13,Star Wars: The Force Awakens,2015,https://boxd.it/4vru
2025-10-13,Bringing Out the Dead,1999,https://boxd.it/1ZZK
2025-10-13,Reservoir Dogs,1991,https://boxd.it/fL8A
2025-10-13,Pulp Fiction,1994,https://boxd.it/29Pq
2025-10-13,Death Proof,2007,https://boxd.it/27GG
2025-10-13,The Empire Strikes Back,1980,https://boxd.it/27Vw
2025-10-13,Pinky,1949,https://boxd.it/aCo
2025-10-13,Pan,2015,https://boxd.it/7XYi
2025-10-13,Bridge of Spies,2015,https://boxd.it/9n9C
2025-10-13,Man on a Tightrope,1953,https://boxd.it/3qsK
2025-10-13,Mrs. Miniver,1942,https://boxd.it/1rXA
2025-10-13,Funny Girl,1968,https://boxd.it/1KR2
2025-10-13,The Sea of Grass,1947,https://boxd.it/36Hq
2025-10-13,F for Fake,1973,https://boxd.it/VxA
2025-10-13,The Immortal Story,1968,https://boxd.it/2YZ2
2025-10-13,The Panic in Needle Park,1971,https://boxd.it/1rwu
2025-10-13,Heaven Can Wait,1978,https://boxd.it/1SkU
2025-10-13,Shadow of a Doubt,1943,https://boxd.it/1BtA
2025-10-13,Notorious,1946,https://boxd.it/2aDK
2025-10-13,Rope,1948,https://boxd.it/28yo
2025-10-13,The Birds,1963,https://boxd.it/2a6m
2025-10-13,Slap Shot,1977,https://boxd.it/1TtS
2025-10-13,The Way We Were,1973,https://boxd.it/1WKs
2025-10-13,Out of Africa,1985,https://boxd.it/2a0S
2025-10-13,Pretty Woman,1990,https://boxd.it/2b6M
2025-10-13,Harold and Maude,1971,https://boxd.it/2axM
2025-10-13,An American in Paris,1951,https://boxd.it/26kY
2025-10-13,The Young Philadelphians,1959,https://boxd.it/Vgk
2025-10-13,Barefoot in the Park,1967,https://boxd.it/1HVg
2025-10-13,Boomerang!,1947,https://boxd.it/1G2k
2025-10-13,The Ghost and Mrs. Muir,1947,https://boxd.it/1ANk
2025-10-13,The Arrangement,1969,https://boxd.it/I38
2025-10-13,Othello,1951,https://boxd.it/K5A
2025-10-13,The Visitors,1972,https://boxd.it/3uWu
2025-10-13,Sometimes a Great Notion,1971,https://boxd.it/12w0
2025-10-13,Paris Blues,1961,https://boxd.it/1eYK
2025-10-13,Harper,1966,https://boxd.it/1udK
2025-10-13,From the Terrace,1960,https://boxd.it/WDO
2025-10-13,Macbeth,1948,https://boxd.it/1qKA
2025-10-13,Chimes at Midnight,1965,https://boxd.it/299k
2025-10-13,The Man Who Shot Liberty Valance,1962,https://boxd.it/1Tdg
2025-10-13,Dial M for Murder,1954,https://boxd.it/2adW
2025-10-13,Rebecca,1940,https://boxd.it/2aQa
2025-10-13,North by Northwest,1959,https://boxd.it/2aRM
2025-10-13,The Magnificent Ambersons,1942,https://boxd.it/29bK
2025-10-13,West Side Story,1961,https://boxd.it/28dK
2025-10-13,How Green Was My Valley,1941,https://boxd.it/UV2
2025-10-13,Anatomy of a Murder,1959,https://boxd.it/2baa
2025-10-13,Rear Window,1954,https://boxd.it/2a6Q
2025-10-13,Kabei: Our Mother,2008,https://boxd.it/1vcI
2025-10-13,In the Heat of the Night,1967,https://boxd.it/1VLY
2025-10-13,Straw Dogs,1971,https://boxd.it/2982
2025-10-13,Julia,1977,https://boxd.it/2khk
2025-10-13,"They Shoot Horses, Don't They?",1969,https://boxd.it/1q9u
2025-10-13,A Tree Grows in Brooklyn,1945,https://boxd.it/1lOi
2025-10-13,The Dirty Dozen,1967,https://boxd.it/28nK
2025-10-13,Spectre,2015,https://boxd.it/6bXY
2025-10-13,The Public Enemy,1931,https://boxd.it/1IdY
2025-10-13,Scarface,1932,https://boxd.it/29oa
2025-10-13,Hombre,1967,https://boxd.it/1qBI
2025-10-13,Long Day's Journey Into Night,1962,https://boxd.it/Vxq
2025-10-13,"Duck, You Sucker",1971,https://boxd.it/2ayU
2025-10-13,All the President's Men,1976,https://boxd.it/29lU
2025-10-13,"Hush... Hush, Sweet Charlotte",1964,https://boxd.it/1WBg
2025-10-13,All About Eve,1950,https://boxd.it/29LI
2025-10-13,The Best Years of Our Lives,1946,https://boxd.it/29my
2025-10-13,Heaven Can Wait,1943,https://boxd.it/1Gpy
2025-10-13,Baby Doll,1956,https://boxd.it/11Hc
2025-10-13,The Firm,1993,https://boxd.it/18JY
2025-10-13,The Man Who Would Be King,1975,https://boxd.it/299O
2025-10-13,The Night of the Iguana,1964,https://boxd.it/1Nys
2025-10-13,Sweet Bird of Youth,1962,https://boxd.it/1f7C
2025-10-13,Strangers on a Train,1951,https://boxd.it/29tk
2025-10-13,The Wrong Man,1956,https://boxd.it/1AqK
2025-10-13,Dirty Harry,1971,https://boxd.it/299E
2025-10-13,Giant,1956,https://boxd.it/28fQ
2025-10-13,The Chase,1966,https://boxd.it/1iJu
2025-10-13,Reflections in a Golden Eye,1967,https://boxd.it/25eA
2025-10-13,The Children's Hour,1961,https://boxd.it/1DZI
2025-10-13,Jesus Christ Superstar,1973,https://boxd.it/1RK8
2025-10-13,Fun with Dick and Jane,1977,https://boxd.it/1yia
2025-10-13,The Apartment,1960,https://boxd.it/2aGE
2025-10-13,Wuthering Heights,1939,https://boxd.it/25Mi
2025-10-13,Splendor in the Grass,1961,https://boxd.it/1pig
2025-10-13,Papillon,1973,https://boxd.it/22kK
2025-10-13,Trouble in Paradise,1932,https://boxd.it/2aU2
2025-10-13,Children of Paradise,1945,https://boxd.it/26H4
2025-10-13,Singin' in the Rain,1952,https://boxd.it/29oY
2025-10-13,A Man for All Seasons,1966,https://boxd.it/29oE
2025-10-13,The Search,1948,https://boxd.it/1078
2025-10-13,Gandhi,1982,https://boxd.it/29Dk
2025-10-13,A Face in the Crowd,1957,https://boxd.it/2lyc
2025-10-13,Network,1976,https://boxd.it/1VqG
2025-10-13,The Sting,1973,https://boxd.it/1Z5s
2025-10-13,Jezebel,1938,https://boxd.it/27IM
2025-10-13,The Graduate,1967,https://boxd.it/18Im
2025-10-13,Wild River,1960,https://boxd.it/2SSu
2025-10-13,The Thomas Crown Affair,1999,https://boxd.it/29im
2025-10-13,What Ever Happened to Baby Jane?,1962,https://boxd.it/1WJE
2025-10-13,The Desperate Hours,1955,https://boxd.it/1GCC
2025-10-13,Little Big Man,1970,https://boxd.it/1UN0
2025-10-13,Crimson Peak,2015,https://boxd.it/62Ty
2025-10-13,High Plains Drifter,1973,https://boxd.it/1SOK
2025-10-13,The Little Foxes,1941,https://boxd.it/Tym
2025-10-13,A Fistful of Dollars,1964,https://boxd.it/2auo
2025-10-13,For a Few Dollars More,1965,https://boxd.it/29eu
2025-10-13,The Outlaw Josey Wales,1976,https://boxd.it/1VuS
2025-10-13,"The Good, the Bad and the Ugly",1966,https://boxd.it/2ape
2025-10-13,"Monsters, Inc.",2001,https://boxd.it/2a46
2025-10-13,Of Mice and Men,1992,https://boxd.it/1Yfm
2025-10-13,The Letter,1940,https://boxd.it/1I3Y
2025-10-13,The Taming of the Shrew,1967,https://boxd.it/1vzs
2025-10-13,Parenthood,1989,https://boxd.it/28CU
2025-10-13,The Intern,2015,https://boxd.it/7AOE
2025-10-13,The Collector,1965,https://boxd.it/W8Q
2025-10-13,The Day the Earth Stood Still,1951,https://boxd.it/29w4
2025-10-13,The Plainsman,1936,https://boxd.it/TkY
2025-10-13,The Heiress,1949,https://boxd.it/1pi6
2025-10-13,City Streets,1931,https://boxd.it/1mMs
2025-10-13,The Lives of a Bengal Lancer,1935,https://boxd.it/TiS
2025-10-13,Planet of the Apes,1968,https://boxd.it/29p8
2025-10-13,The Big Country,1958,https://boxd.it/1RQU
2025-10-13,Grown Ups,2010,https://boxd.it/169a
2025-10-13,Grown Ups 2,2013,https://boxd.it/3GAq
2025-10-13,The Wild Bunch,1969,https://boxd.it/2a5y
2025-10-13,The Westerner,1940,https://boxd.it/1Nxk
2025-10-13,A Farewell to Arms,1932,https://boxd.it/1Afs
2025-10-13,Ben-Hur,1959,https://boxd.it/29RQ
2025-10-13,Operator 13,1934,https://boxd.it/3JPy
2025-10-13,Hidalgo,2004,https://boxd.it/27BG
2025-10-13,For Whom the Bell Tolls,1943,https://boxd.it/1qOM
2025-10-13,Now and Forever,1934,https://boxd.it/BKO
2025-10-13,The Unforgiven,1960,https://boxd.it/21qW
2025-10-13,Pat Garrett & Billy the Kid,1973,https://boxd.it/1TvE
2025-10-13,Sergeant York,1941,https://boxd.it/1K5i
2025-10-13,Cat People,1942,https://boxd.it/1vG4
2025-10-13,Knight of Cups,2015,https://boxd.it/34Qq
2025-10-13,Battle for the Planet of the Apes,1973,https://boxd.it/28gu
2025-10-13,Conquest of the Planet of the Apes,1972,https://boxd.it/28iA
2025-10-13,Escape from the Planet of the Apes,1971,https://boxd.it/28iK
2025-10-13,Beneath the Planet of the Apes,1970,https://boxd.it/28j4
2025-10-13,Don't Look Now,1973,https://boxd.it/29fC
2025-10-13,The Thing from Another World,1951,https://boxd.it/1Vp4
2025-10-13,Man of the West,1958,https://boxd.it/1NBm
2025-10-13,The Thing,2011,https://boxd.it/eS6
2025-10-13,The Treasure of the Sierra Madre,1948,https://boxd.it/25Lk
2025-10-13,Red River,1948,https://boxd.it/25Lu
2025-10-13,Rio Bravo,1959,https://boxd.it/2aE4
2025-10-13,Stagecoach,1939,https://boxd.it/297S
2025-10-13,Vera Cruz,1954,https://boxd.it/1RhA
2025-10-13,The Searchers,1956,https://boxd.it/25HC
2025-10-13,High Noon,1952,https://boxd.it/2aGa
2025-10-13,Fort Apache,1948,https://boxd.it/18u0
2025-10-13,The Grapes of Wrath,1940,https://boxd.it/2a2u
2025-10-13,Night of the Demon,1957,https://boxd.it/1woA
2025-10-13,The Prince of Egypt,1998,https://boxd.it/1XGQ
2025-10-13,Exodus: Gods and Kings,2014,https://boxd.it/4FV0
2025-10-13,Boys Town,1938,https://boxd.it/X1c
2025-10-13,Invasion of the Body Snatchers,1956,https://boxd.it/1TAa
2025-10-13,The Omen,1976,https://boxd.it/29By
2025-10-13,The Exorcism of Emily Rose,2005,https://boxd.it/200I
2025-10-13,His Girl Friday,1940,https://boxd.it/25M8
2025-10-13,Guess Who's Coming to Dinner,1967,https://boxd.it/27Xi
2025-10-13,On Golden Pond,1981,https://boxd.it/1T1u
2025-10-13,The Philadelphia Story,1940,https://boxd.it/29a8
2025-10-13,My Darling Clementine,1946,https://boxd.it/25LE
2025-10-13,The Ox-Bow Incident,1943,https://boxd.it/29ai
2025-10-13,The Wedding Night,1935,https://boxd.it/1hWs
2025-10-13,Beau Geste,1939,https://boxd.it/19FI
2025-10-13,An Affair to Remember,1957,https://boxd.it/20is
2025-10-13,East of Eden,1955,https://boxd.it/2aQE
2025-10-13,I Still Know What You Did Last Summer,1998,https://boxd.it/257O
2025-10-13,The Uninvited,1944,https://boxd.it/1KeO
2025-10-13,Rosemary's Baby,1968,https://boxd.it/29zM
2025-10-13,The Conjuring,2013,https://boxd.it/4sr2
2025-10-13,Peeping Tom,1960,https://boxd.it/1Utk
2025-10-13,White Noise,2004,https://boxd.it/eksm
2025-10-13,The Halloween Tree,1993,https://boxd.it/Og8
2025-10-13,The Changeling,1980,https://boxd.it/1PVy
2025-10-13,The Others,2001,https://boxd.it/27Po
2025-10-13,The Fortune Cookie,1966,https://boxd.it/27W0
2025-10-13,The Innocents,1961,https://boxd.it/1KeY
2025-10-13,Poltergeist,1982,https://boxd.it/2a0o
2025-10-13,Army of Darkness,1992,https://boxd.it/29G4
2025-10-13,Candyman,1992,https://boxd.it/1Ys6
2025-10-13,The Haunting,1963,https://boxd.it/1T7M
2025-10-13,The Haunting,1999,https://boxd.it/1Tpw
2025-10-13,Warhouse,2013,https://boxd.it/6S72
2025-10-13,Nightcrawler,2014,https://boxd.it/780m
2025-10-13,The Man from U.N.C.L.E.,2015,https://boxd.it/67lG
2025-10-13,Enemy,2013,https://boxd.it/5xtO
2025-10-13,Face/Off,1997,https://boxd.it/29I0
2025-10-13,Hercules,1997,https://boxd.it/1SDW
2025-10-13,Asterix and Cleopatra,1968,https://boxd.it/1Xv4
2025-10-13,Tarzan,1999,https://boxd.it/18YO
2025-10-13,Peter Pan,1953,https://boxd.it/1VCC
2025-10-13,Lilo & Stitch,2002,https://boxd.it/1TAY
2025-10-13,Gone Girl,2014,https://boxd.it/6hQu
2025-10-13,Prisoners,2013,https://boxd.it/4E5i
2025-10-13,"Definitely, Maybe",2008,https://boxd.it/20eU
2025-10-13,Southpaw,2015,https://boxd.it/9Phu
2025-10-13,Self/less,2015,https://boxd.it/71yw
2025-10-13,Who Am I?,1998,https://boxd.it/1ZVI
2025-10-13,Red Cliff,2008,https://boxd.it/1S6y
2025-10-13,Red Cliff II,2009,https://boxd.it/1Ml8
2025-10-13,Bullet in the Head,1990,https://boxd.it/1SNs
2025-10-13,Horoscope for Good Luck,2015,https://boxd.it/bFT8
2025-10-13,The Crossing I,2014,https://boxd.it/7S32
2025-10-13,Ant-Man,2015,https://boxd.it/3vmW
2025-10-13,Terminator Genisys,2015,https://boxd.it/35s0
2025-10-13,Kung Fury,2015,https://boxd.it/7mSM
2025-10-13,The Pride of the Yankees,1942,https://boxd.it/1FCm
2025-10-13,Morocco,1930,https://boxd.it/Woa
2025-10-13,Tomorrowland,2015,https://boxd.it/4YaC
2025-10-13,Assassins,1995,https://boxd.it/1Y2C
2025-10-13,Lethal Weapon 4,1998,https://boxd.it/29dw
2025-10-13,Father of the Bride,1950,https://boxd.it/1CXQ
2025-10-13,Mister Roberts,1955,https://boxd.it/17mk
2025-10-13,Desire,1936,https://boxd.it/2JT4
2025-10-13,Woman of the Year,1942,https://boxd.it/1D8Y
2025-10-13,The Shop Around the Corner,1940,https://boxd.it/1DFy
2025-10-13,Ninotchka,1939,https://boxd.it/2802
2025-10-13,Lost Horizon,1937,https://boxd.it/257Y
2025-10-13,The Piano,1993,https://boxd.it/29Kq
2025-10-13,To Be or Not to Be,1942,https://boxd.it/2aTy
2025-10-13,Bluebeard's 8th Wife,1938,https://boxd.it/1hXg
2025-10-13,Design for Living,1933,https://boxd.it/2FJE
2025-10-13,Going My Way,1944,https://boxd.it/1Ihw
2025-10-13,Mad Max Beyond Thunderdome,1985,https://boxd.it/1YTm
2025-10-13,Babe: Pig in the City,1998,https://boxd.it/1YEQ
2025-10-13,Dark City,1998,https://boxd.it/26uk
2025-10-13,Feeling Minnesota,1996,https://boxd.it/1RtQ
2025-10-13,Mad Max 2,1981,https://boxd.it/1ZPg
2025-10-13,Tequila Sunrise,1988,https://boxd.it/1WmU
2025-10-13,Sin City,2005,https://boxd.it/2aVk
2025-10-13,Chicken Run,2000,https://boxd.it/20Xg
2025-10-13,Lethal Weapon 2,1989,https://boxd.it/29dQ
2025-10-13,Lethal Weapon 3,1992,https://boxd.it/29dG
2025-10-13,"Yours, Mine and Ours",1968,https://boxd.it/1qwe
2025-10-13,Adam's Rib,1949,https://boxd.it/1vQy
2025-10-13,The Awful Truth,1937,https://boxd.it/1NBc
2025-10-13,Ball of Fire,1941,https://boxd.it/1ms8
2025-10-13,Pocketful of Miracles,1961,https://boxd.it/2aM8
2025-10-13,Mr. Smith Goes to Washington,1939,https://boxd.it/25Ms
2025-10-13,Some Like It Hot,1959,https://boxd.it/2aNA
2025-10-13,You Can't Take It with You,1938,https://boxd.it/1ejM
2025-10-13,Meet John Doe,1941,https://boxd.it/1gVe
2025-10-13,Mr. Deeds Goes to Town,1936,https://boxd.it/1wWM
2025-10-13,The Bugs Bunny/Road Runner Movie,1979,https://boxd.it/1EdK
2025-10-13,Shrek 2,2004,https://boxd.it/29z8
2025-10-13,FernGully: The Last Rainforest,1992,https://boxd.it/1Qzo
2025-10-13,Cloudy with a Chance of Meatballs,2009,https://boxd.it/1A40
2025-10-13,Dumbo,1941,https://boxd.it/1U2o
2025-10-13,Robin Hood,1973,https://boxd.it/1SRa
2025-10-13,Fantasia,1940,https://boxd.it/29HG
2025-10-13,Lady for a Day,1933,https://boxd.it/Vdq
2025-10-13,The Odd Couple,1968,https://boxd.it/1U32
2025-10-13,Charade,1963,https://boxd.it/23O2
2025-10-13,Five Graves to Cairo,1943,https://boxd.it/gyW
2025-10-13,The Major and the Minor,1942,https://boxd.it/132g
2025-10-13,The Front Page,1974,https://boxd.it/299a
2025-10-13,"One, Two, Three",1961,https://boxd.it/2ap4
2025-10-13,Love in the Afternoon,1957,https://boxd.it/1HcK
2025-10-13,The Seven Year Itch,1955,https://boxd.it/1VIK
2025-10-13,The Elf Who Didn't Believe,1997,https://boxd.it/7i28
2025-10-13,Irma la Douce,1963,https://boxd.it/26sI
2025-10-13,Sabrina,1954,https://boxd.it/21tc
2025-10-13,There's Something About Mary,1998,https://boxd.it/2aae
2025-10-13,Breakfast at Tiffany's,1961,https://boxd.it/2aYS
2025-10-13,The Lady Eve,1941,https://boxd.it/25LY
2025-10-13,Bringing Up Baby,1938,https://boxd.it/29ks
2025-10-13,Ordinary People,1980,https://boxd.it/1JTm
2025-10-13,Shopgirl,2005,https://boxd.it/26zu
2025-10-13,The DUFF,2015,https://boxd.it/8eP8
2025-10-13,Panic in the Streets,1950,https://boxd.it/1hMi
2025-10-13,Force of Evil,1948,https://boxd.it/1tgI
2025-10-13,Lady in the Lake,1946,https://boxd.it/282M
2025-10-13,No Way Out,1950,https://boxd.it/1pBC
2025-10-13,Gone with the Wind,1939,https://boxd.it/29Fq
2025-10-13,Dark Passage,1947,https://boxd.it/1Ky0
2025-10-13,Kiss of Death,1947,https://boxd.it/1BSq
2025-10-13,The Big Clock,1948,https://boxd.it/1EgY
2025-10-13,While the City Sleeps,1956,https://boxd.it/19P4
2025-10-13,Ministry of Fear,1944,https://boxd.it/1BSU
2025-10-13,House of Strangers,1949,https://boxd.it/1Eee
2025-10-13,Beyond a Reasonable Doubt,1956,https://boxd.it/1DG2
2025-10-13,"Murder, My Sweet",1944,https://boxd.it/283U
2025-10-13,Odds Against Tomorrow,1959,https://boxd.it/1sKs
2025-10-13,5 Fingers,1952,https://boxd.it/iTM
2025-10-13,Pickup on South Street,1953,https://boxd.it/1uLM
2025-10-13,Key Largo,1948,https://boxd.it/1UQS
2025-10-13,Trapeze,1956,https://boxd.it/11EM
2025-10-13,Mildred Pierce,1945,https://boxd.it/25uS
2025-10-13,Witness for the Prosecution,1957,https://boxd.it/18H4
2025-10-13,Where the Sidewalk Ends,1950,https://boxd.it/1IYq
2025-10-13,Human Desire,1954,https://boxd.it/1BHs
2025-10-13,Gilda,1946,https://boxd.it/251G
2025-10-13,Detour,1945,https://boxd.it/1DB2
2025-10-13,The Lost Weekend,1945,https://boxd.it/1pgE
2025-10-13,Gun Crazy,1950,https://boxd.it/1Gw0
2025-10-13,The Fallen Idol,1948,https://boxd.it/1BzI
2025-10-13,The Phantom of the Opera,2004,https://boxd.it/1XHu
2025-10-13,Gremlins,1984,https://boxd.it/29gg
2025-10-13,La Bête Humaine,1938,https://boxd.it/1nxI
2025-10-13,Holiday,1938,https://boxd.it/1Ks2
2025-10-13,Criss Cross,1949,https://boxd.it/1B2a
2025-10-13,The Man Between,1953,https://boxd.it/25Ws
2025-10-13,Oscar,1991,https://boxd.it/1SQw
2025-10-13,The Woman on the Beach,1947,https://boxd.it/19cG
2025-10-13,Stalag 17,1953,https://boxd.it/29Xa
2025-10-13,Mary Shelley's Frankenstein,1994,https://boxd.it/25T4
2025-10-13,Men of Honor,2000,https://boxd.it/1SCE
2025-10-13,They Live by Night,1948,https://boxd.it/SzS
2025-10-13,The Big Combo,1955,https://boxd.it/1AIY
2025-10-13,Caught,1949,https://boxd.it/UAe
2025-10-13,The Prowler,1951,https://boxd.it/1zN4
2025-10-13,Night of the Living Dead,1968,https://boxd.it/1WwA
2025-10-13,Return of the Jedi,1983,https://boxd.it/27Vm
2025-10-13,I Am a Fugitive from a Chain Gang,1932,https://boxd.it/1mNg
2025-10-13,The Roaring Twenties,1939,https://boxd.it/17J4
2025-10-13,2 Fast 2 Furious,2003,https://boxd.it/2a4g
2025-10-13,Fast & Furious,2009,https://boxd.it/1Pnm
2025-10-13,Furious 7,2015,https://boxd.it/5cVs
2025-10-13,Laura,1944,https://boxd.it/27Oq
2025-10-13,Sweet Smell of Success,1957,https://boxd.it/29aW
2025-10-13,Gaslight,1944,https://boxd.it/1PYs
2025-10-13,The Cow and I,1959,https://boxd.it/jHs
2025-10-13,Kiss Me Deadly,1955,https://boxd.it/1HHe
2025-10-13,The Third Man,1949,https://boxd.it/294E
2025-10-13,Odd Man Out,1947,https://boxd.it/Uq4
2025-10-13,The Asphalt Jungle,1950,https://boxd.it/1Jrs
2025-10-13,You Only Live Once,1937,https://boxd.it/ycO
2025-10-13,The Set-Up,1949,https://boxd.it/1IYA
2025-10-13,La Chienne,1931,https://boxd.it/1tx0
2025-10-13,Angels with Dirty Faces,1938,https://boxd.it/1PBI
2025-10-13,In a Lonely Place,1950,https://boxd.it/1JgO
2025-10-13,White Heat,1949,https://boxd.it/1Lw0
2025-10-13,Ace in the Hole,1951,https://boxd.it/1vXk
2025-10-13,The Rules of the Game,1939,https://boxd.it/29Es
2025-10-13,The Great Race,1965,https://boxd.it/1TvY
2025-10-13,The Night of the Hunter,1955,https://boxd.it/25HW
2025-10-13,The Big Heat,1953,https://boxd.it/1NNM
2025-10-13,Scarlet Street,1945,https://boxd.it/1JgE
2025-10-13,M,1931,https://boxd.it/29vq
2025-10-13,Fury,1936,https://boxd.it/1NJg
2025-10-13,The Woman in the Window,1944,https://boxd.it/1J8U
2025-10-13,Out of the Past,1947,https://boxd.it/29PK
2025-10-13,Le Trou,1960,https://boxd.it/1nSw
2025-10-13,Zero for Conduct,1933,https://boxd.it/ROW
2025-10-13,Phaedra,1962,https://boxd.it/Jg8
2025-10-13,Sunset Boulevard,1950,https://boxd.it/2a20
2025-10-13,The Big Sleep,1946,https://boxd.it/29iQ
2025-10-13,The Maltese Falcon,1941,https://boxd.it/29c4
2025-10-13,The French Detective,1975,https://boxd.it/jMM
2025-10-13,Double Indemnity,1944,https://boxd.it/297I
2025-10-13,The Wise Guys,1965,https://boxd.it/2yY8
2025-10-13,Laws of Attraction,2004,https://boxd.it/1Uxc
2025-10-13,The Departed,2006,https://boxd.it/28MA
2025-10-13,Sleepless in Seattle,1993,https://boxd.it/29re
2025-10-13,The Imitation Game,2014,https://boxd.it/6aig
2025-10-13,The Crucible,1996,https://boxd.it/1Dji
2025-10-13,Win a Date with Tad Hamilton!,2004,https://boxd.it/1Q62
2025-10-13,Mr. Arkadin,1955,https://boxd.it/SZc
2025-10-13,The Lady from Shanghai,1947,https://boxd.it/251Q
2025-10-13,The Big Risk,1960,https://boxd.it/1ege
2025-10-13,Casanova '70,1965,https://boxd.it/25hY
2025-10-13,Scorpio,1973,https://boxd.it/W9a
2025-10-13,Rum Runners,1971,https://boxd.it/2yRc
2025-10-13,Color Me Love,2010,https://boxd.it/Aw2
2025-10-13,The Cage,1975,https://boxd.it/8bOc
2025-10-13,The Condemned of Altona,1962,https://boxd.it/5aSw
2025-10-13,The Stranger,1946,https://boxd.it/1DP4
2025-10-13,The Inquisitor,1981,https://boxd.it/23p2
2025-10-13,The Trial,1962,https://boxd.it/25Xg
2025-10-13,Greed in the Sun,1964,https://boxd.it/1eqy
2025-10-13,Hôtel du Nord,1938,https://boxd.it/ICW
2025-10-13,The Devil by the Tail,1969,https://boxd.it/2Ls0
2025-10-13,Le Notti Bianche,1957,https://boxd.it/V0G
2025-10-13,Mother,1991,https://boxd.it/4M1I
2025-10-13,La Terra Trema,1948,https://boxd.it/UsE
2025-10-13,The Conformist,1970,https://boxd.it/20cE
2025-10-13,The Leopard,1963,https://boxd.it/296K
2025-10-13,Conversation Piece,1974,https://boxd.it/pQ6
2025-10-13,The Innocent,1976,https://boxd.it/24y0
2025-10-13,He Who Must Die,1957,https://boxd.it/3XWS
2025-10-13,Never on Sunday,1960,https://boxd.it/VrM
2025-10-13,Zorba the Greek,1964,https://boxd.it/1VQE
2025-10-13,Cross of Iron,1977,https://boxd.it/1Vgw
2025-10-13,Judgment at Nuremberg,1961,https://boxd.it/29xc
2025-10-13,10:30 P.M. Summer,1966,https://boxd.it/25Xq
2025-10-13,Brute Force,1947,https://boxd.it/2lh6
2025-10-13,When a Woman Meddles,1957,https://boxd.it/3gTQ
2025-10-13,Golgotha,1935,https://boxd.it/2fgG
2025-10-13,Thieves' Highway,1949,https://boxd.it/1EbY
2025-10-13,The Naked City,1948,https://boxd.it/1DpU
2025-10-13,Night and the City,1950,https://boxd.it/1FFg
2025-10-13,The Proud and the Beautiful,1953,https://boxd.it/41w
2025-10-13,Love in the City,1953,https://boxd.it/1jpK
2025-10-13,A Monkey in Winter,1962,https://boxd.it/1eyC
2025-10-13,"Vincent, Francois, Paul and the Others",1974,https://boxd.it/WRQ
2025-10-13,Lovers of Paris,1957,https://boxd.it/2EsM
2025-10-13,Goodbye Again,1961,https://boxd.it/2XAq
2025-10-13,Marie-Octobre,1959,https://boxd.it/2Ess
2025-10-13,Impasse of Two Angels,1948,https://boxd.it/3oO
2025-10-13,Miquette,1950,https://boxd.it/1PS
2025-10-13,The Battle of the Rails,1946,https://boxd.it/14n0
2025-10-13,Death by Hanging,1968,https://boxd.it/3nPm
2025-10-13,Diary of a Shinjuku Thief,1969,https://boxd.it/3ywg
2025-10-13,Le Deuxième Souffle,1966,https://boxd.it/1wvG
2025-10-13,New York Stories,1989,https://boxd.it/1Y3q
2025-10-13,The Aviator,2004,https://boxd.it/26BU
2025-10-13,Through a Glass Darkly,1961,https://boxd.it/1TrW
2025-10-13,The Witches,1967,https://boxd.it/1b1g
2025-10-13,Two Mules for Sister Sara,1970,https://boxd.it/1SMk
2025-10-13,The Old Gun,1975,https://boxd.it/25lG
2025-10-13,A Man and a Woman,1966,https://boxd.it/Wb6
2025-10-13,Leo the Last,1970,https://boxd.it/2FTO
2025-10-13,"Bizarre, Bizarre",1937,https://boxd.it/hd6
2025-10-13,Liza,1972,https://boxd.it/9uI
2025-10-13,A Very Private Affair,1962,https://boxd.it/J3S
2025-10-13,Dedee,1948,https://boxd.it/2L4i
2025-10-13,Topkapi,1964,https://boxd.it/23qk
2025-10-13,The Cheat,1949,https://boxd.it/7NuW
2025-10-13,Don Juan DeMarco,1994,https://boxd.it/27SM
2025-10-13,Sweeney Todd: The Demon Barber of Fleet Street,2007,https://boxd.it/1PcS
2025-10-13,Secret Window,2004,https://boxd.it/28xq
2025-10-13,Alice in Wonderland,2010,https://boxd.it/1Spq
2025-10-13,Rango,2011,https://boxd.it/QPk
2025-10-13,The Tourist,2010,https://boxd.it/17Hs
2025-10-13,The Lone Ranger,2013,https://boxd.it/ngU
2025-10-13,The Witches of Salem,1957,https://boxd.it/24wo
2025-10-13,Madame Rosa,1977,https://boxd.it/2kha
2025-10-13,Gates of the Night,1946,https://boxd.it/f9G
2025-10-13,Cesar and Rosalie,1972,https://boxd.it/25oq
2025-10-13,I Vitelloni,1953,https://boxd.it/1RJE
2025-10-13,The Age of Innocence,1993,https://boxd.it/1WgM
2025-10-13,Peppermint Candy,1999,https://boxd.it/ZQc
2025-10-13,Father Frost,1965,https://boxd.it/1CGq
2025-10-13,Kingdom of Crooked Mirrors,1963,https://boxd.it/1CKW
2025-10-13,The Law,1959,https://boxd.it/2OBu
2025-10-13,Regular Lovers,2005,https://boxd.it/QhM
2025-10-13,Leviathan,2014,https://boxd.it/7Ub8
2025-10-13,The Confession,1970,https://boxd.it/f0k
2025-10-13,Police Python 357,1976,https://boxd.it/18iy
2025-10-13,National Treasure: Book of Secrets,2007,https://boxd.it/21rq
2025-10-13,RED,2010,https://boxd.it/13uu
2025-10-13,The Queen,2006,https://boxd.it/292e
2025-10-13,The Deadly Trap,1971,https://boxd.it/4vI6
2025-10-13,Term of Trial,1962,https://boxd.it/2XG4
2025-10-13,Woman in Chains,1968,https://boxd.it/2tnc
2025-10-13,Orpheus,1950,https://boxd.it/247o
2025-10-13,Grand Illusion,1937,https://boxd.it/29Ei
2025-10-13,The Night of the Generals,1967,https://boxd.it/Wfi
2025-10-13,Beauty and the Beast,1946,https://boxd.it/29UA
2025-10-13,Pépé le Moko,1937,https://boxd.it/1ufQ
2025-10-13,The Sleeping Car Murders,1965,https://boxd.it/24w4
2025-10-13,Rififi,1955,https://boxd.it/29f8
2025-10-13,Monsieur Ripois,1954,https://boxd.it/55uY
2025-10-13,Flying Home,2014,https://boxd.it/7KSG
2025-10-13,Chappie,2015,https://boxd.it/5Y3e
2025-10-13,Cinderella,2015,https://boxd.it/4KX6
2025-10-13,A Cinderella Story,2004,https://boxd.it/1UgU
2025-10-13,Mean Girls,2004,https://boxd.it/1VNg
2025-10-13,Coyote Ugly,2000,https://boxd.it/21PW
2025-10-13,One Day,2011,https://boxd.it/Asu
2025-10-13,It's a Boy Girl Thing,2006,https://boxd.it/17F2
2025-10-13,Freaky Friday,2003,https://boxd.it/1WwK
2025-10-13,John Tucker Must Die,2006,https://boxd.it/1Z2S
2025-10-13,La Ronde,1950,https://boxd.it/EB6
2025-10-13,Games,1967,https://boxd.it/2EGE
2025-10-13,Animal,1977,https://boxd.it/1ZSa
2025-10-13,And Hope to Die,1972,https://boxd.it/3drE
2025-10-13,Focus,2014,https://boxd.it/fx4u
2025-10-13,Breathless,1960,https://boxd.it/2aIK
2025-10-13,Bob le Flambeur,1956,https://boxd.it/1uC6
2025-10-13,Blood Simple,1984,https://boxd.it/1U16
2025-10-13,Fargo,1996,https://boxd.it/2aHM
2025-10-13,A Serious Man,2009,https://boxd.it/1RFW
2025-10-13,Adua and Her Friends,1960,https://boxd.it/9Lu
2025-10-13,The Glass Castle,1950,https://boxd.it/22Ae
2025-10-13,Forbidden Games,1952,https://boxd.it/23ty
2025-10-13,Three Rooms in Manhattan,1965,https://boxd.it/4GcK
2025-10-13,Birdman or (The Unexpected Virtue of Ignorance),2014,https://boxd.it/5RFA
2025-10-13,Band of Outsiders,1964,https://boxd.it/20Aw
2025-10-13,Rider on the Rain,1970,https://boxd.it/1qJC
2025-10-13,Mimino,1977,https://boxd.it/1qNE
2025-10-13,Tales of Ordinary Madness,1981,https://boxd.it/2bSQ
2025-10-13,Daybreak,1939,https://boxd.it/1sD2
2025-10-13,Air of Paris,1954,https://boxd.it/fAi
2025-10-13,The Damned,1947,https://boxd.it/362s
2025-10-13,Alphaville,1965,https://boxd.it/20AG
2025-10-13,The Spies,1957,https://boxd.it/2NpM
2025-10-13,First Knight,1995,https://boxd.it/21zY
2025-10-13,The Truth,1960,https://boxd.it/d3Q
2025-10-13,Le Corbeau,1943,https://boxd.it/1ofg
2025-10-13,The Wages of Fear,1953,https://boxd.it/2aSK
2025-10-13,The Mystery of Picasso,1956,https://boxd.it/2pZQ
2025-10-13,Death in the Garden,1956,https://boxd.it/1cC8
2025-10-13,The Deadly Affair,1967,https://boxd.it/1Ns0
2025-10-13,The Lovers of Montparnasse,1958,https://boxd.it/2O4A
2025-10-13,Room at the Top,1958,https://boxd.it/Vhs
2025-10-13,"It's a Mad, Mad, Mad, Mad World",1963,https://boxd.it/1TvO
2025-10-13,The Appaloosa,1966,https://boxd.it/1exa
2025-10-13,Ship of Fools,1965,https://boxd.it/1m0o
2025-10-13,The Devil's Envoys,1942,https://boxd.it/QAa
2025-10-13,The North Star,1982,https://boxd.it/2GPo
2025-10-13,One-Eyed Jacks,1961,https://boxd.it/1Gyq
2025-10-13,The Day and the Hour,1963,https://boxd.it/2Iek
2025-10-13,Story of a Love Affair,1950,https://boxd.it/Fda
2025-10-13,The Walls of Malapaga,1949,https://boxd.it/2UY
2025-10-13,Faust,2011,https://boxd.it/2GtM
2025-10-13,City of Life and Death,2009,https://boxd.it/1C3I
2025-10-13,Seven Years in Tibet,1997,https://boxd.it/29aC
2025-10-13,Port of Shadows,1938,https://boxd.it/Nr0
2025-10-13,"Juliette, or Key of Dreams",1951,https://boxd.it/3TPo
2025-10-13,Thérèse Raquin,1953,https://boxd.it/2f3M
2025-10-13,Dangerous Love Affairs,1959,https://boxd.it/VhC
2025-10-13,Such a Pretty Little Beach,1949,https://boxd.it/3bU
2025-10-13,Touchez Pas au Grisbi,1954,https://boxd.it/1rPw
2025-10-13,Too Bad She's Bad,1954,https://boxd.it/5Tu
2025-10-13,Bedtime Story,1964,https://boxd.it/11kW
2025-10-13,America's Sweethearts,2001,https://boxd.it/1TMA
2025-10-13,Charlotte's Web,2006,https://boxd.it/1Xn0
2025-10-13,Spirit: Stallion of the Cimarron,2002,https://boxd.it/1Zmo
2025-10-13,The Simpsons Movie,2007,https://boxd.it/6YU
2025-10-13,I Served the King of England,2006,https://boxd.it/1RIw
2025-10-13,Opium: Diary of a Madwoman,2007,https://boxd.it/1CJ0
2025-10-13,Could This Be Love?,2007,https://boxd.it/27wc
2025-10-13,Private Fears in Public Places,2006,https://boxd.it/1yaA
2025-10-13,Wild Grass,2009,https://boxd.it/17o6
2025-10-13,The Murderer Lives at Number 21,1942,https://boxd.it/2B48
2025-10-13,Superman,1978,https://boxd.it/27Qm
2025-10-13,Christopher Columbus: The Discovery,1992,https://boxd.it/YMo
2025-10-13,Heartbreakers,2001,https://boxd.it/1Vhu
2025-10-13,It Started in Naples,1960,https://boxd.it/16EC
2025-10-13,Two Women,1960,https://boxd.it/1yb4
2025-10-13,A Night in the Life of Jimmy Reardon,1988,https://boxd.it/JNQ
2025-10-13,Bellissima,1951,https://boxd.it/UEg
2025-10-13,Deliverance,1972,https://boxd.it/1VGk
2025-10-13,The Last Train,1973,https://boxd.it/25mu
2025-10-13,Christine,1958,https://boxd.it/23A0
2025-10-13,Casque d'Or,1952,https://boxd.it/2cmw
2025-10-13,How to Train Your Dragon,2010,https://boxd.it/1WRy
2025-10-13,The Burned Barns,1973,https://boxd.it/21Z8
2025-10-13,Cleopatra,1963,https://boxd.it/20xM
2025-10-13,The Medic,1979,https://boxd.it/yIq
2025-10-13,The Cat,1971,https://boxd.it/1wD6
2025-10-13,Woman Trouble,1948,https://boxd.it/6EWg
2025-10-13,Diabolique,1955,https://boxd.it/29we
2025-10-13,Once a Thief,1965,https://boxd.it/1arC
2025-10-13,Three Men to Kill,1980,https://boxd.it/oXg
2025-10-13,The Black Tulip,1964,https://boxd.it/1RL6
2025-10-13,In the Name of the Law,1949,https://boxd.it/5T1C
2025-10-13,Divorce Italian Style,1961,https://boxd.it/1DNs
2025-10-13,Angelique and the Sultan,1968,https://boxd.it/RW2
2025-10-13,Untamable Angelique,1967,https://boxd.it/RVI
2025-10-13,For a Cop's Hide,1981,https://boxd.it/3Wqw
2025-10-13,The Hunchback of Notre Dame,1956,https://boxd.it/1Tte
2025-10-13,Obsession,1943,https://boxd.it/23i6
2025-10-13,Me & You,2012,https://boxd.it/3Xw6
2025-10-13,Il bell'Antonio,1960,https://boxd.it/2CXy
2025-10-13,Jenny Lamour,1947,https://boxd.it/F3O
2025-10-13,Is Paris Burning?,1966,https://boxd.it/23Vi
2025-10-13,Madame Bovary,1991,https://boxd.it/26Dc
2025-10-13,Fantomas,1964,https://boxd.it/27YA
2025-10-13,Fantomas Unleashed,1965,https://boxd.it/27YK
2025-10-13,Fantomas vs. Scotland Yard,1967,https://boxd.it/27XW
2025-10-13,The Return of Casanova,1992,https://boxd.it/5j4K
2025-10-13,The Russian Triangle,2007,https://boxd.it/bmvc
2025-10-13,Viva,2007,https://boxd.it/1wQY
2025-10-13,Broken English,2007,https://boxd.it/1QoA
2025-10-13,French for Beginners,2006,https://boxd.it/1X2c
2025-10-13,The Heartbreak Kid,2007,https://boxd.it/1ZjY
2025-10-13,Good Luck Chuck,2007,https://boxd.it/1Xg4
2025-10-13,Swing,2008,https://boxd.it/crM
2025-10-13,What No One Knows,2008,https://boxd.it/1LpI
2025-10-13,Tulpan,2008,https://boxd.it/1Zxw
2025-10-13,Dog Eat Dog,2008,https://boxd.it/1fga
2025-10-13,"Continental, a Film Without Guns",2007,https://boxd.it/Fmw
2025-10-13,Lake Tahoe,2008,https://boxd.it/2TG
2025-10-13,Autumn Ball,2007,https://boxd.it/MaM
2025-10-13,One Hundred Nails,2007,https://boxd.it/1ybo
2025-10-13,Pop Skull,2007,https://boxd.it/1rfy
2025-10-13,Arsenic and Old Lace,1944,https://boxd.it/2aRW
2025-10-13,Cocktail,1988,https://boxd.it/20QE
2025-10-13,The Mexican,2001,https://boxd.it/226y
2025-10-13,Risky Business,1983,https://boxd.it/1YUE
2025-10-13,The Possessed,1988,https://boxd.it/5edC
2025-10-13,Half a Chance,1998,https://boxd.it/EPi
2025-10-13,Borsalino and Co.,1974,https://boxd.it/gEq
2025-10-13,Monsters vs Aliens,2009,https://boxd.it/1M50
2025-10-13,Driving Lessons,2006,https://boxd.it/1TVi
2025-10-13,Frances,1982,https://boxd.it/25h0
2025-10-13,Voyager,1991,https://boxd.it/1WUs
2025-10-13,Nevesta Lyuboy Tsenoy,2009,https://boxd.it/1oZ4
2025-10-13,The Woman Next Door,1981,https://boxd.it/1REY
2025-10-13,Magnet of Doom,1963,https://boxd.it/2vfO
2025-10-13,Escape from New York,1981,https://boxd.it/294k
2025-10-13,Fame,2009,https://boxd.it/1p5w
2025-10-13,Let the Right One In,2008,https://boxd.it/1Qr0
2025-10-13,Two Lovers,2008,https://boxd.it/1Ws4
2025-10-13,Bury Me Behind the Baseboard,2008,https://boxd.it/igCq
2025-10-13,The Shock,1982,https://boxd.it/45Nk
2025-10-13,True Confessions,1981,https://boxd.it/1hMs
2025-10-13,Arlette,1997,https://boxd.it/Rw4
2025-10-13,The Spirit of the Beehive,1973,https://boxd.it/24eY
2025-10-13,My Friend Ivan Lapshin,1985,https://boxd.it/2VRE
2025-10-13,Still Life,2006,https://boxd.it/26Tk
2025-10-13,Cries and Whispers,1972,https://boxd.it/1WK8
2025-10-13,3 Women,1977,https://boxd.it/YPs
2025-10-13,1900,1976,https://boxd.it/24Zg
2025-10-13,Rocco and His Brothers,1960,https://boxd.it/20bG
2025-10-13,Death of a Corrupt Man,1977,https://boxd.it/2i1Y
2025-10-13,Zorro,1975,https://boxd.it/1GW8
2025-10-13,Il Grido,1957,https://boxd.it/10ig
2025-10-13,Red Desert,1964,https://boxd.it/1ttW
2025-10-13,Indian Summer,1972,https://boxd.it/Lbk
2025-10-13,Lost Command,1966,https://boxd.it/10hW
2025-10-13,Famous Love Affairs,1961,https://boxd.it/2dr8
2025-10-13,Flic Story,1975,https://boxd.it/1gJM
2025-10-13,"Farewell, Friend",1968,https://boxd.it/23KE
2025-10-13,Asterix at the Olympic Games,2008,https://boxd.it/26Nw
2025-10-13,Nouvelle Vague,1990,https://boxd.it/1gFU
2025-10-13,Creezy,1974,https://boxd.it/1Ii
2025-10-13,Le Chien,1962,https://boxd.it/9jhW
2025-10-13,Our Story,1984,https://boxd.it/jY4
2025-10-13,The Joy of Living,1961,https://boxd.it/4z1g
2025-10-13,Way of Youth,1959,https://boxd.it/1eqo
2025-10-13,Every Man for Himself,1980,https://boxd.it/3NuY
2025-10-13,Diabolically Yours,1967,https://boxd.it/WgU
2025-10-13,The Devil and the Ten Commandments,1962,https://boxd.it/wH6
2025-10-13,Mr. Nice Guy,1997,https://boxd.it/1VNK
2025-10-13,Drunken Master,1978,https://boxd.it/1Ujk
2025-10-13,Red Sun,1971,https://boxd.it/1SXs
2025-10-13,Around the World in 80 Days,2004,https://boxd.it/1WPs
2025-10-13,Twin Dragons,1992,https://boxd.it/1GmE
2025-10-13,The Widow Couderc,1971,https://boxd.it/2EHi
2025-10-13,The Last Adventure,1967,https://boxd.it/1TWA
2025-10-13,The Sicilian Clan,1969,https://boxd.it/24E8
2025-10-13,Borsalino,1970,https://boxd.it/1w7Y
2025-10-13,Any Number Can Win,1963,https://boxd.it/1Afi
2025-10-13,Two Men in Town,1973,https://boxd.it/23Y2
2025-10-13,The Magnificent Seven,1960,https://boxd.it/29bA
2025-10-13,Madadayo,1993,https://boxd.it/1Pcy
2025-10-13,The Last Metro,1980,https://boxd.it/28fc
2025-10-13,Spirits of the Dead,1968,https://boxd.it/ZTg
2025-10-13,The Swimming Pool,1969,https://boxd.it/23BC
2025-10-13,"At Home Among Strangers, a Stranger Among His Own",1974,https://boxd.it/169O
2025-10-13,Joy House,1964,https://boxd.it/1616
2025-10-13,Purple Noon,1960,https://boxd.it/1WrU
2025-10-13,Andrei Rublev,1966,https://boxd.it/29lg
2025-10-13,Father and Son,2003,https://boxd.it/RLS
2025-10-13,Runaway Train,1985,https://boxd.it/1SQ2
2025-10-13,Defenseless,1991,https://boxd.it/YwU
2025-10-13,House of Fools,2002,https://boxd.it/2mZe
2025-10-13,Tango & Cash,1989,https://boxd.it/1YdU
2025-10-13,Fool for Love,1985,https://boxd.it/2rMu
2025-10-13,Crimes of the Heart,1986,https://boxd.it/IU2
2025-10-13,Blast from the Past,1999,https://boxd.it/1ToS
2025-10-13,In the Bedroom,2001,https://boxd.it/27Fo
2025-10-13,Country,1984,https://boxd.it/XMi
2025-10-13,Blue Jasmine,2013,https://boxd.it/50MI
2025-10-13,Resurrection,1980,https://boxd.it/3oLU
2025-10-13,The Sunchaser,1996,https://boxd.it/16yO
2025-10-13,Alfie,1966,https://boxd.it/1LU2
2025-10-13,Baby Boom,1987,https://boxd.it/1UlK
2025-10-13,Sleuth,1972,https://boxd.it/298c
2025-10-13,Sleuth,2007,https://boxd.it/24cy
2025-10-13,The Hundred-Foot Journey,2014,https://boxd.it/6JBi
2025-10-13,The Polar Express,2004,https://boxd.it/23am
2025-10-13,Leprechaun,1993,https://boxd.it/1T2i
2025-10-13,Leprechaun 2,1994,https://boxd.it/1HIG
2025-10-13,The Lord of the Rings: The Return of the King,2003,https://boxd.it/2b5u
2025-10-13,The Lord of the Rings: The Two Towers,2002,https://boxd.it/2b5E
2025-10-13,The Hobbit: The Desolation of Smaug,2013,https://boxd.it/nmS
2025-10-13,Flipper,1996,https://boxd.it/1aJw
2025-10-13,The Hobbit: The Battle of the Five Armies,2014,https://boxd.it/43aU
2025-10-13,The Langoliers,1995,https://boxd.it/4NUO
2025-10-13,Elizabethtown,2005,https://boxd.it/1Ydq
2025-10-13,Fast & Furious 6,2013,https://boxd.it/2UG6
2025-10-13,Immortals,2011,https://boxd.it/176m
2025-10-13,Garpastum,2005,https://boxd.it/5MGI
2025-10-13,Mirror Mirror,2012,https://boxd.it/awA
2025-10-13,Beauty and the Beast,2014,https://boxd.it/5Xm0
2025-10-13,Black Swan,2010,https://boxd.it/Sw0
2025-10-13,Requiem for a Dream,2000,https://boxd.it/29VI
2025-10-13,The Constant Gardener,2005,https://boxd.it/27HE
2025-10-13,Asterix and Obelix vs. Caesar,1999,https://boxd.it/1Yms
2025-10-13,Asterix & Obelix: Mission Cleopatra,2002,https://boxd.it/268o
2025-10-13,The Crimson Rivers,2000,https://boxd.it/ftG
2025-10-13,Brotherhood of the Wolf,2001,https://boxd.it/21OY
2025-10-13,Maleficent,2014,https://boxd.it/3v1u
2025-10-13,Frozen,2013,https://boxd.it/3GNa
2025-10-13,Never Let Me Go,2010,https://boxd.it/Xw0
2025-10-13,War Horse,2011,https://boxd.it/nf8
2025-10-13,United,2011,https://boxd.it/bh2
2025-10-13,The Amazing Spider-Man 2,2014,https://boxd.it/3utM
2025-10-13,Charlotte Gray,2001,https://boxd.it/1Rtc
2025-10-13,A League of Their Own,1992,https://boxd.it/1UdG
2025-10-13,The Banishment,2007,https://boxd.it/1wk4
2025-10-13,Daylight,1996,https://boxd.it/1UjE
2025-10-13,Casper Meets Wendy,1998,https://boxd.it/13TE
2025-10-13,Casper's Haunted Christmas,2000,https://boxd.it/22vy
2025-10-13,The Magical Legend of the Leprechauns,1999,https://boxd.it/1jFe
2025-10-13,Pirates of the Caribbean: On Stranger Tides,2011,https://boxd.it/27Z4
2025-10-13,The Hobbit: An Unexpected Journey,2012,https://boxd.it/GZk
2025-10-13,Shadows,1958,https://boxd.it/1M9c
2025-10-13,The Wind Rises,2013,https://boxd.it/4JQS
2025-10-13,Genome Hazard,2013,https://boxd.it/8DEE
2025-10-13,Life Back Then,2011,https://boxd.it/41uI
2025-10-13,The Great Passage,2013,https://boxd.it/5yK2
2025-10-13,Body Heat,1981,https://boxd.it/1O9S
2025-10-13,A Moment of Love,2013,https://boxd.it/a8Fq
2025-10-13,Peak: The Rescuers,2011,https://boxd.it/3fSW
2025-10-13,Surviving Christmas,2004,https://boxd.it/1LYy
2025-10-13,Tenchi: The Samurai Astronomer,2012,https://boxd.it/56js
2025-10-13,Annabelle,2014,https://boxd.it/7l84
2025-10-13,The Eternal Zero,2013,https://boxd.it/7h1I
2025-10-13,The Odyssey,1997,https://boxd.it/1IUo
2025-10-13,Godzilla,2014,https://boxd.it/47OE
2025-10-13,Brother Bear,2003,https://boxd.it/1Xjs
2025-10-13,Rise of the Guardians,2012,https://boxd.it/2PXw
2025-10-13,How to Train Your Dragon 2,2014,https://boxd.it/2TRW
2025-10-13,Edge of Tomorrow,2014,https://boxd.it/4pD0
2025-10-13,Under the Tuscan Sun,2003,https://boxd.it/1V2u
2025-10-13,Chalet Girl,2011,https://boxd.it/kQA
2025-10-13,North Face,2008,https://boxd.it/1K66
2025-10-13,The Sound of Music,1965,https://boxd.it/1MLK
2025-10-13,47 Ronin,2013,https://boxd.it/Jk
2025-10-13,The Railway Man,2013,https://boxd.it/4aUK
2025-10-13,Dallas Buyers Club,2013,https://boxd.it/4O8G
2025-10-13,I Saw the Devil,2010,https://boxd.it/FaK
2025-10-13,Snowpiercer,2013,https://boxd.it/3Icg
2025-10-13,The Grand Budapest Hotel,2014,https://boxd.it/3ZqO
2025-10-13,The White Sun of the Desert,1969,https://boxd.it/1CPW
2025-10-13,Letter from an Unknown Woman,1948,https://boxd.it/2wRO
2025-10-13,August: Osage County,2013,https://boxd.it/4OhI
2025-10-13,Saving Mr. Banks,2013,https://boxd.it/4vIq
2025-10-13,The Last Valley,1971,https://boxd.it/WGo
2025-10-13,Shōgun,1980,https://boxd.it/awlO
2025-10-13,Lawrence of Arabia,1962,https://boxd.it/2wRE
2025-10-13,No Love in the City 3,2013,https://boxd.it/7nKY
2025-10-13,Love and the City,2009,https://boxd.it/1xbW
2025-10-13,Love and the City 2,2010,https://boxd.it/JOO
2025-10-13,How to Steal a Million,1966,https://boxd.it/25Yo
2025-10-13,Angelique and the King,1966,https://boxd.it/1AVe
2025-10-13,Angelique,1964,https://boxd.it/RVo
2025-10-13,Angelique: The Road to Versailles,1965,https://boxd.it/RUU
2025-10-13,The Stunt Man,1980,https://boxd.it/XAw
2025-10-13,Becket,1964,https://boxd.it/1MgW
2025-10-13,Reversal of Fortune,1990,https://boxd.it/15mC
2025-10-13,Callas Forever,2002,https://boxd.it/Jsy
2025-10-13,A Bridge Too Far,1977,https://boxd.it/22nO
2025-10-13,The Lion in Winter,1968,https://boxd.it/1FVe
2025-10-13,Dungeons & Dragons,2000,https://boxd.it/1SWu
2025-10-13,A Chorus of Disapproval,1989,https://boxd.it/3OAy
2025-10-13,Hara-Kiri: Death of a Samurai,2011,https://boxd.it/32BI
2025-10-13,Across the Universe,2007,https://boxd.it/23X4
2025-10-13,Suspect X,2008,https://boxd.it/X8s
2025-10-13,The Guillotines,2012,https://boxd.it/5bIC
2025-10-13,Confession of Murder,2012,https://boxd.it/4uK6
2025-10-13,Before Midnight,2013,https://boxd.it/4ive
2025-10-13,Inn of Evil,1971,https://boxd.it/3tny
2025-10-13,Dark Blood,2012,https://boxd.it/4pbU
2025-10-13,Mauvais Sang,1986,https://boxd.it/5c6
2025-10-13,Looney Tunes: Back in Action,2003,https://boxd.it/1Vzo
2025-10-13,The Adventures of Rocky & Bullwinkle,2000,https://boxd.it/1IaK
2025-10-13,Backdraft,1991,https://boxd.it/265Y
2025-10-13,Everybody's Fine,2009,https://boxd.it/1uqk
2025-10-13,Little Fockers,2010,https://boxd.it/13Ea
2025-10-13,The Big Wedding,2013,https://boxd.it/36O2
2025-10-13,Last Holiday,2006,https://boxd.it/1IKI
2025-10-13,Who's Afraid of Virginia Woolf?,1966,https://boxd.it/2atK
2025-10-13,A Knight in Camelot,1998,https://boxd.it/1wYI
2025-10-13,Shrek the Third,2007,https://boxd.it/29yY
2025-10-13,DragonHeart,1996,https://boxd.it/1ZMm
2025-10-13,The Sword in the Stone,1963,https://boxd.it/1ZdG
2025-10-13,Waterland,1992,https://boxd.it/4Cos
2025-10-13,Sea of Love,1989,https://boxd.it/1Sq4
2025-10-13,Dog Day Afternoon,1975,https://boxd.it/29bg
2025-10-13,The Wedding Party,1969,https://boxd.it/2zB0
2025-10-13,Serpico,1973,https://boxd.it/1ZjE
2025-10-13,The Right Stuff,1983,https://boxd.it/1YoS
2025-10-13,Author! Author!,1982,https://boxd.it/YBg
2025-10-13,The Merchant of Venice,2004,https://boxd.it/1Uu8
2025-10-13,Captain Phillips,2013,https://boxd.it/3GPK
2025-10-13,Once in a Summer,2006,https://boxd.it/1uO2
2025-10-13,Last Vegas,2013,https://boxd.it/4pFA
2025-10-13,Shield of Straw,2013,https://boxd.it/5w1Y
2025-10-13,Valley of Flowers,2007,https://boxd.it/20G0
2025-10-13,Tears for You,2006,https://boxd.it/2BBm
2025-10-13,Tokyo Family,2013,https://boxd.it/5Gwi
2025-10-13,The Heat,2013,https://boxd.it/9Pis
2025-10-13,Thor: The Dark World,2013,https://boxd.it/2DqA
2025-10-13,The Counselor,2013,https://boxd.it/3G6K
2025-10-13,Rush,2013,https://boxd.it/3lyS
2025-10-13,Bitterly!,2013,https://boxd.it/6M4m
2025-10-13,Phobos. Fear Kills,2010,https://boxd.it/9gw
2025-10-13,Stalingrad,2013,https://boxd.it/67mk
2025-10-13,Gravity,2013,https://boxd.it/GZY
2025-10-13,The Family,2013,https://boxd.it/3LkW
2025-10-13,Runner Runner,2013,https://boxd.it/4E5s
2025-10-13,The Lark Farm,2007,https://boxd.it/26S2
2025-10-13,The Fast and the Furious: Tokyo Drift,2006,https://boxd.it/1Yeo
2025-10-13,Army of Crime,2009,https://boxd.it/1llg
2025-10-13,Madagascar 3: Europe's Most Wanted,2012,https://boxd.it/2NF6
2025-10-13,RED 2,2013,https://boxd.it/4E4E
2025-10-13,2 Guns,2013,https://boxd.it/4oAk
2025-10-13,Fast Five,2011,https://boxd.it/BgO
2025-10-13,Prince of Tears,2009,https://boxd.it/66Ww
2025-10-13,Star Trek Into Darkness,2013,https://boxd.it/uYE
2025-10-13,Contraband,2012,https://boxd.it/2Hj4
2025-10-13,Excalibur,1981,https://boxd.it/1TDI
2025-10-13,Elysium,2013,https://boxd.it/2cBm
2025-10-13,The Wolverine,2013,https://boxd.it/2CWU
2025-10-13,"Yours, Mine & Ours",2005,https://boxd.it/1Q2E
2025-10-13,Safe House,2012,https://boxd.it/hbk
2025-10-13,Angel Eyes,2001,https://boxd.it/22ti
2025-10-13,High Crimes,2002,https://boxd.it/1Tyo
2025-10-13,White House Down,2013,https://boxd.it/3TOg
2025-10-13,Sunshine,2007,https://boxd.it/28Xy
2025-10-13,It Takes Two,1995,https://boxd.it/1f1E
2025-10-13,Nell,1994,https://boxd.it/27Ns
2025-10-13,Anna and the King,1999,https://boxd.it/28Kk
2025-10-13,The Accused,1988,https://boxd.it/1VbQ
2025-10-13,Sphere,1998,https://boxd.it/1WXm
2025-10-13,The Devil's Backbone,2001,https://boxd.it/28Li
2025-10-13,Babel,2006,https://boxd.it/292o
2025-10-13,Pacific Rim,2013,https://boxd.it/2cB2
2025-10-13,Star Watching Dog,2011,https://boxd.it/3JUy
2025-10-13,Rookies the Movie: Graduation,2009,https://boxd.it/2A9w
2025-10-13,Umizaru 3: The Last Message,2010,https://boxd.it/6NM
2025-10-13,Rabbit Hole,2010,https://boxd.it/1rsM
2025-10-13,Shaolin,2011,https://boxd.it/sb6
2025-10-13,Sherlock Holmes: A Game of Shadows,2011,https://boxd.it/k3S
2025-10-13,Shame,2011,https://boxd.it/2CxU
2025-10-13,The Lakeside Murder Case,2004,https://boxd.it/9Zc
2025-10-13,Tokyo Park,2011,https://boxd.it/65Uu
2025-10-13,Ditto,2000,https://boxd.it/2RqY
2025-10-13,Cold War II,2016,https://boxd.it/eGYO
2025-10-13,Moonrise Kingdom,2012,https://boxd.it/2Wng
2025-10-13,Love 911,2012,https://boxd.it/4EXO
2025-10-13,Sea Monkey,2004,https://boxd.it/2DDO
2025-10-13,The Evil Dead,1981,https://boxd.it/29Go
2025-10-13,Now You See Me,2013,https://boxd.it/2Bsu
2025-10-13,Man of Steel,2013,https://boxd.it/FRk
2025-10-13,After Earth,2013,https://boxd.it/2TSg
2025-10-13,"Good Bye, Lenin!",2003,https://boxd.it/2ayA
2025-10-13,The Great Gatsby,2013,https://boxd.it/JY
2025-10-13,Waiter,2006,https://boxd.it/22xY
2025-10-13,Drive,2011,https://boxd.it/IG
2025-10-13,Ararat,2002,https://boxd.it/1Ki2
2025-10-13,Legend No. 17,2013,https://boxd.it/5ALm
2025-10-13,Family Viewing,1987,https://boxd.it/1sMy
2025-10-13,This Is It,2009,https://boxd.it/1PRw
2025-10-13,Garegin Nzhdeh,2013,https://boxd.it/gYj4
2025-10-13,Shampoo,1975,https://boxd.it/1jNW
2025-10-13,The Quiet Duel,1949,https://boxd.it/18aO
2025-10-13,Cosmopolis,2012,https://boxd.it/H4O
2025-10-13,The Dreamers,2003,https://boxd.it/28X4
2025-10-13,Urban Legends: Final Cut,2000,https://boxd.it/1Shc
2025-10-13,Urban Legend,1998,https://boxd.it/1XDi
2025-10-13,Gossip,2000,https://boxd.it/1HFM
2025-10-13,Onegin,1999,https://boxd.it/1lJW
2025-10-13,Somersault,2004,https://boxd.it/1JUY
2025-10-13,Macbeth,2006,https://boxd.it/1Pry
2025-10-13,Peaceful Warrior,2006,https://boxd.it/1PCw
2025-10-13,EuroTrip,2004,https://boxd.it/1YTQ
2025-10-13,Oblivion,2013,https://boxd.it/2Bzq
2025-10-13,Hercules and the Circle of Fire,1994,https://boxd.it/2C3U
2025-10-13,Hercules and the Amazon Women,1994,https://boxd.it/18pu
2025-10-13,Hercules and the Lost Kingdom,1994,https://boxd.it/2C3g
2025-10-13,Hercules in the Maze of the Minotaur,1994,https://boxd.it/2sAu
2025-10-13,Hercules in the Underworld,1994,https://boxd.it/2C1Y
2025-10-13,Hotel Chevalier,2007,https://boxd.it/21Ic
2025-10-13,Sweet Rain: Accuracy of Death,2008,https://boxd.it/1QLE
2025-10-13,Prince Vladimir,2006,https://boxd.it/14iO
2025-10-13,The Sovereign's Servant,2007,https://boxd.it/1EvE
2025-10-13,9th Company,2005,https://boxd.it/1OLi
2025-10-13,The Heat,2006,https://boxd.it/2r8a
2025-10-13,1612: Chronicles of the Dark Time,2007,https://boxd.it/zrA
2025-10-13,The New Year's Rate Plan,2008,https://boxd.it/DqG
2025-10-13,Long Farewell,2004,https://boxd.it/2uf4
2025-10-13,An Essay for Victory Day,1998,https://boxd.it/4Hzg
2025-10-13,Driven,2001,https://boxd.it/1Wak
2025-10-13,Winter Sleepers,1997,https://boxd.it/29DE
2025-10-13,Prince Valiant,1997,https://boxd.it/21QU
2025-10-13,Muriel's Wedding,1994,https://boxd.it/2aO4
2025-10-13,My Big Fat Greek Wedding,2002,https://boxd.it/20k4
2025-10-13,My Life in Ruins,2009,https://boxd.it/1zII
2025-10-13,Nothing to Lose,1997,https://boxd.it/1Tgu
2025-10-13,Due Date,2010,https://boxd.it/YFs
2025-10-13,Harry and the Hendersons,1987,https://boxd.it/1ZqK
2025-10-13,Deep Impact,1998,https://boxd.it/1ZYM
2025-10-13,Erin Brockovich,2000,https://boxd.it/2al2
2025-10-13,The Last Boy Scout,1991,https://boxd.it/1YYQ
2025-10-13,Kafka,1991,https://boxd.it/26Zi
2025-10-13,Casualties of War,1989,https://boxd.it/1WZ8
2025-10-13,The Vikings,1958,https://boxd.it/Wlg
2025-10-13,Greedy,1994,https://boxd.it/1RfE
2025-10-13,Mr. Deeds,2002,https://boxd.it/27BQ
2025-10-13,Bedtime Stories,2008,https://boxd.it/1WPM
2025-10-13,Billy Madison,1995,https://boxd.it/1UQI
2025-10-13,The Waterboy,1998,https://boxd.it/1VHi
2025-10-13,The Wedding Singer,1998,https://boxd.it/1USO
2025-10-13,Big Daddy,1999,https://boxd.it/1ZkW
2025-10-13,Little Nicky,2000,https://boxd.it/1Y4I
2025-10-13,Happy Gilmore,1996,https://boxd.it/1Yey
2025-10-13,50 First Dates,2004,https://boxd.it/285c
2025-10-13,Home Alone 3,1997,https://boxd.it/1XZ4
2025-10-13,Fantastic Four,2005,https://boxd.it/1XVw
2025-10-13,Mrs. Doubtfire,1993,https://boxd.it/29Cw
2025-10-13,"To Wong Foo, Thanks for Everything! Julie Newmar",1995,https://boxd.it/1ZbK
2025-10-13,Road House,1989,https://boxd.it/1X0g
2025-10-13,Gulliver's Travels,1996,https://boxd.it/1tby
2025-10-13,Crying Freeman,1995,https://boxd.it/1YwC
2025-10-13,Senso,1954,https://boxd.it/V6k
2025-10-13,The Jewel of the Nile,1985,https://boxd.it/1WAM
2025-10-13,The Night Porter,1974,https://boxd.it/1tsk
2025-10-13,Mr. Destiny,1990,https://boxd.it/26za
2025-10-13,Mackenna's Gold,1969,https://boxd.it/1Hy2
2025-10-13,Rocky,1976,https://boxd.it/28Uk
2025-10-13,Valmont,1989,https://boxd.it/17WW
2025-10-13,Malena,2000,https://boxd.it/1Vc0
2025-10-13,Anastasia,1997,https://boxd.it/1YFk
2025-10-13,It Happened One Night,1934,https://boxd.it/25Ng
2025-10-13,Alice in Wonderland,1999,https://boxd.it/1khC
2025-10-13,Three Comrades,1938,https://boxd.it/3HAw
2025-10-13,Bobby Deerfield,1977,https://boxd.it/Xrk
2025-10-13,The Family Stone,2005,https://boxd.it/1Zja
2025-10-13,The Wedding Date,2005,https://boxd.it/21h6
2025-10-13,Must Love Dogs,2005,https://boxd.it/1Tl0
2025-10-13,S1m0ne,2002,https://boxd.it/1Z2o
2025-10-13,The Recruit,2003,https://boxd.it/28oS
2025-10-13,Prince of Persia: The Sands of Time,2010,https://boxd.it/1YpQ
2025-10-13,Confessions of a Shopaholic,2009,https://boxd.it/1E9e
2025-10-13,Cinderella,1950,https://boxd.it/1Uki
2025-10-13,Sleeping Beauty,1959,https://boxd.it/1V9A
2025-10-13,Snow White and the Seven Dwarfs,1937,https://boxd.it/2arO
2025-10-13,Pinocchio,1940,https://boxd.it/1V8C
2025-10-13,Bambi,1942,https://boxd.it/25AQ
2025-10-13,Under Siege,1992,https://boxd.it/1ZLy
2025-10-13,The Fugitive,1993,https://boxd.it/230G
2025-10-13,Double Jeopardy,1999,https://boxd.it/1WmA
2025-10-13,Men in Black 3,2012,https://boxd.it/103U
2025-10-13,Ladyhawke,1985,https://boxd.it/2ad8
2025-10-13,The Deep End of the Ocean,1999,https://boxd.it/1key
2025-10-13,Deep Rising,1998,https://boxd.it/1YDe
2025-10-13,Poor Sasha,1997,https://boxd.it/lUI
2025-10-13,Dinner is served!,2006,https://boxd.it/4RP4
2025-10-13,Vanished Empire,2008,https://boxd.it/3m4
2025-10-13,The Barber of Siberia,1998,https://boxd.it/BI4
2025-10-13,The President and his Granddaughter,2000,https://boxd.it/fp8y
2025-10-13,Silver Lily of the Valley,2000,https://boxd.it/4ySI
2025-10-13,Flightplan,2005,https://boxd.it/1YZu
2025-10-13,Gangster Squad,2013,https://boxd.it/2TVa
2025-10-13,Robot & Frank,2012,https://boxd.it/2Y4g
2025-10-13,Side Effects,2013,https://boxd.it/3GA6
2025-10-13,Alesha Popovich and Tugarin the Dragon,2004,https://boxd.it/1gaC
2025-10-13,The Turkish Gambit,2005,https://boxd.it/xiG
2025-10-13,Lionheart,1990,https://boxd.it/1YMq
2025-10-13,Mortal Kombat: Annihilation,1997,https://boxd.it/1XIW
2025-10-13,Mortal Kombat,1995,https://boxd.it/1YZY
2025-10-13,Jumanji,1995,https://boxd.it/1ZLI
2025-10-13,Lara Croft: Tomb Raider,2001,https://boxd.it/27G2
2025-10-13,Spotswood,1991,https://boxd.it/1JpG
2025-10-13,Cosi,1996,https://boxd.it/3aLm
2025-10-13,Emerald City,1988,https://boxd.it/7sA
2025-10-13,Peter Pan,2003,https://boxd.it/1VQY
2025-10-13,Hear Me,2009,https://boxd.it/Z9C
2025-10-13,Finding Mr. Destiny,2010,https://boxd.it/xo
2025-10-13,Secret,2007,https://boxd.it/1DEq
2025-10-13,Bloodsport,1988,https://boxd.it/1Tee
2025-10-13,The Karate Kid,1984,https://boxd.it/27Wk
2025-10-13,I Am Sam,2001,https://boxd.it/1V04
2025-10-13,Guardian Angels,1995,https://boxd.it/BWg
2025-10-13,The Covenant,2006,https://boxd.it/1Xrw
2025-10-13,Cop Land,1997,https://boxd.it/27ly
2025-10-13,Life or Something Like It,2002,https://boxd.it/1JR6
2025-10-13,Rurouni Kenshin Part I: Origins,2012,https://boxd.it/4aIO
2025-10-13,Japanese Story,2003,https://boxd.it/1Qc0
2025-10-13,Locomotive Teacher,2004,https://boxd.it/9A54
2025-10-13,Girlfriend Boyfriend,2012,https://boxd.it/3Xs4
2025-10-13,Summer Times,2009,https://boxd.it/AC
2025-10-13,Suddenly It's Magic,2012,https://boxd.it/4M0g
2025-10-13,Silent Tongue,1993,https://boxd.it/4zW2
2025-10-13,License to Live,1998,https://boxd.it/IGY
2025-10-13,Oz the Great and Powerful,2013,https://boxd.it/2cAI
2025-10-13,The Wizard of Oz,1939,https://boxd.it/29Xu
2025-10-13,Easy Virtue,2008,https://boxd.it/1JwC
2025-10-13,Van Helsing,2004,https://boxd.it/21aa
2025-10-13,Tideland,2005,https://boxd.it/1Tyy
2025-10-13,Zero Dark Thirty,2012,https://boxd.it/3n1w
2025-10-13,The Jackal,1997,https://boxd.it/23MA
2025-10-13,Poseidon,2006,https://boxd.it/2afI
2025-10-13,The In-Laws,2003,https://boxd.it/23j4
2025-10-13,Romancing the Stone,1984,https://boxd.it/1YXS
2025-10-13,Overboard,1987,https://boxd.it/1VpS
2025-10-13,The Princess Diaries 2: Royal Engagement,2004,https://boxd.it/1UyY
2025-10-13,Rocky Balboa,2006,https://boxd.it/291q
2025-10-13,The Princess Diaries,2001,https://boxd.it/1XCO
2025-10-13,Scarecrow,1973,https://boxd.it/1iLU
2025-10-13,Bridge to Terabithia,2007,https://boxd.it/28YG
2025-10-13,588 rue Paradis,1992,https://boxd.it/4M14
2025-10-13,The 13th Warrior,1999,https://boxd.it/27Ss
2025-10-13,The Master,2012,https://boxd.it/2cBG
2025-10-13,Dreamgirls,2006,https://boxd.it/293m
2025-10-13,Little Children,2006,https://boxd.it/28Ka
2025-10-13,Seven Psychopaths,2012,https://boxd.it/34PW
2025-10-13,P.S.,2004,https://boxd.it/1w1Q
2025-10-13,Georgia Rule,2007,https://boxd.it/1QHi
2025-10-13,From Me to You,2010,https://boxd.it/hdU
2025-10-13,The White Ribbon,2009,https://boxd.it/17eU
2025-10-13,Monster-in-Law,2005,https://boxd.it/24re
2025-10-13,The Intouchables,2011,https://boxd.it/2FT0
2025-10-13,Hitchcock,2012,https://boxd.it/3LDa
2025-10-13,Beasts of the Southern Wild,2012,https://boxd.it/2XPK
2025-10-13,"Fly, Daddy, Fly",2005,https://boxd.it/1GVE
2025-10-13,Under the Same Moon,2005,https://boxd.it/aor0
2025-10-13,Minato's Laundromat,2022,https://boxd.it/D3Zy
2025-10-13,The Bullet Vanishes,2012,https://boxd.it/4eFu
2025-10-13,In Good Company,2004,https://boxd.it/27U4
2025-10-13,Shakespeare in Love,1998,https://boxd.it/27Pe
2025-10-13,The Best Exotic Marigold Hotel,2011,https://boxd.it/2AJu
2025-10-13,The Twelve Fairies,1990,https://boxd.it/3yeQ
2025-10-13,Tai Chi Zero,2012,https://boxd.it/41DK
2025-10-13,The Thieves,2012,https://boxd.it/45qg
2025-10-13,Django Unchained,2012,https://boxd.it/2cCk
2025-10-13,Letters to Juliet,2010,https://boxd.it/19aK
2025-10-13,Voyage of the Unicorn,2001,https://boxd.it/GZyQ
2025-10-13,Jack Reacher,2012,https://boxd.it/2BUo
2025-10-13,27 Dresses,2008,https://boxd.it/21x4
2025-10-13,Anna Karenina,2012,https://boxd.it/3lyy
2025-10-13,Quantum of Solace,2008,https://boxd.it/1Vs8
2025-10-13,Les Misérables,1998,https://boxd.it/24nm
2025-10-13,Life of Pi,2012,https://boxd.it/37pC
2025-10-13,Iris,2001,https://boxd.it/1SQG
2025-10-13,Lawless,2012,https://boxd.it/2TIK
2025-10-13,In Bruges,2008,https://boxd.it/20n8
2025-10-13,Pieta,2012,https://boxd.it/446k
2025-10-13,Heavenly Forest,2006,https://boxd.it/128W
2025-10-13,Cut,2011,https://boxd.it/5jgw
2025-10-13,Skyfall,2012,https://boxd.it/17Fc
2025-10-13,Argo,2012,https://boxd.it/2czU
2025-10-13,New Year's Eve,2011,https://boxd.it/als
2025-10-13,Ice Age: Continental Drift,2012,https://boxd.it/lQ2
2025-10-13,Total Recall,2012,https://boxd.it/Ro
2025-10-13,This Means War,2012,https://boxd.it/hba
2025-10-13,Joyeux Noel,2005,https://boxd.it/1TiU
2025-10-13,Be Sure to Share,2009,https://boxd.it/sSk
2025-10-13,Himizu,2011,https://boxd.it/3oFs
2025-10-13,Solaris,2002,https://boxd.it/27qS
2025-10-13,Ha Ha Ha,2010,https://boxd.it/gQm
2025-10-13,From Up on Poppy Hill,2011,https://boxd.it/2VCa
2025-10-13,"Josee, the Tiger and the Fish",2003,https://boxd.it/2ook
2025-10-13,Daisy,2006,https://boxd.it/1GZw
2025-10-13,Yellow Tears,2007,https://boxd.it/48Eq
2025-10-13,Kids Return,1996,https://boxd.it/1sfY
2025-10-13,Architecture 101,2012,https://boxd.it/3CUG
2025-10-13,Out of This World,2004,https://boxd.it/9OXE
2025-10-13,Bright Future,2002,https://boxd.it/1sXw
2025-10-13,La Maison de Himiko,2005,https://boxd.it/4Mag
2025-10-13,Sway,2006,https://boxd.it/OGg
2025-10-13,Waiting for Good News,2009,https://boxd.it/a5SG
2025-10-13,In the Pool,2005,https://boxd.it/1lme
2025-10-13,Blood and Bones,2004,https://boxd.it/1Bfe
2025-10-13,The Mission,1986,https://boxd.it/1TTw
2025-10-13,The Untouchables,1987,https://boxd.it/2b6i
2025-10-13,Gojoe: Spirit War Chronicle,2000,https://boxd.it/1hpS
2025-10-13,Police Academy 3: Back in Training,1986,https://boxd.it/1Sv4
2025-10-13,Police Academy 5: Assignment Miami Beach,1988,https://boxd.it/1T02
2025-10-13,Sad Vacation,2007,https://boxd.it/4bhk
2025-10-13,"My God, My God, Why Hast Thou Forsaken Me?",2005,https://boxd.it/3jg8
2025-10-13,Helpless,1996,https://boxd.it/3oL6
2025-10-13,The Fall,2006,https://boxd.it/1NoM
2025-10-13,Just My Luck,2006,https://boxd.it/1XgS
2025-10-13,Major Payne,1995,https://boxd.it/1US0
2025-10-13,Renaissance Man,1994,https://boxd.it/1SV2
2025-10-13,The Parent Trap,1998,https://boxd.it/1XJq
2025-10-13,How to Lose a Guy in 10 Days,2003,https://boxd.it/1XwG
2025-10-13,Little Miss Sunshine,2006,https://boxd.it/29EW
2025-10-13,Kiss the Girls,1997,https://boxd.it/1YGs
2025-10-13,American Graffiti,1973,https://boxd.it/29us
2025-10-13,Enter the Dragon,1973,https://boxd.it/1YCA
2025-10-13,My Fair Lady,1964,https://boxd.it/1UBI
2025-10-13,Midnight Cowboy,1969,https://boxd.it/25Hi
2025-10-13,Le Grand Chef,2007,https://boxd.it/2T5I
2025-10-13,Eureka,2000,https://boxd.it/16TC
2025-10-13,Blue – Chong,2000,https://boxd.it/a7O2
2025-10-13,Grave of the Fireflies,1988,https://boxd.it/1RUM
2025-10-13,On the Hook!,2011,https://boxd.it/m5c
2025-10-13,Naoko,2008,https://boxd.it/Pji
2025-10-13,700 Days of Battle: Us vs. the Police,2008,https://boxd.it/14Ni
2025-10-13,Negative Happy Chain Saw Edge,2008,https://boxd.it/1bas
2025-10-13,"Check It Out, Yo!",2006,https://boxd.it/94aw
2025-10-13,One Fine Spring Day,2001,https://boxd.it/3jFC
2025-10-13,The Sun Also Rises,2007,https://boxd.it/Ak6
2025-10-13,Gate of Hell,1953,https://boxd.it/UHY
2025-10-13,The Face of Another,1966,https://boxd.it/1nso
2025-10-13,Hero,2002,https://boxd.it/2bcq
2025-10-13,Rainbow Song,2006,https://boxd.it/PKI
2025-10-13,Love Letter,1995,https://boxd.it/LMA
2025-10-13,Fighter in the Wind,2004,https://boxd.it/1CqM
2025-10-13,Transparent: Tribute to a Sad Genius,2001,https://boxd.it/4wdo
2025-10-13,The Blood of Rebirth,2009,https://boxd.it/uhU
2025-10-13,A Heartful of Love,2005,https://boxd.it/16Qy
2025-10-13,9 Souls,2003,https://boxd.it/1Jqk
2025-10-13,Hanging Garden,2005,https://boxd.it/16YC
2025-10-13,Kamui,2009,https://boxd.it/15Dy
2025-10-13,Kikujiro,1999,https://boxd.it/24xc
2025-10-13,Blue Spring,2001,https://boxd.it/1fIo
2025-10-13,Sonatine,1993,https://boxd.it/20TI
2025-10-13,Border Line,2003,https://boxd.it/ulC
2025-10-13,Scrap Heaven,2005,https://boxd.it/3GzM
2025-10-13,Hula Girls,2006,https://boxd.it/16ic
2025-10-13,Happy Flight,2008,https://boxd.it/1Gp4
2025-10-13,Adrenaline Drive,1999,https://boxd.it/1jIs
2025-10-13,China Strike Force,2000,https://boxd.it/1d8I
2025-10-13,Harley Davidson and the Marlboro Man,1991,https://boxd.it/26HI
2025-10-13,Just Like Heaven,2005,https://boxd.it/1ZoO
2025-10-13,Kate & Leopold,2001,https://boxd.it/1Uj0
2025-10-13,Magic Mike,2012,https://boxd.it/2HvY
2025-10-13,Transformers: Dark of the Moon,2011,https://boxd.it/16aC
2025-10-13,Problem Child,1990,https://boxd.it/1UH2
2025-10-13,Problem Child 2,1991,https://boxd.it/1pe4
2025-10-13,(500) Days of Summer,2009,https://boxd.it/1EmM
2025-10-13,Black Peter,1964,https://boxd.it/LPO
2025-10-13,The Firemen's Ball,1967,https://boxd.it/15Yc
2025-10-13,Man on the Moon,1999,https://boxd.it/281k
2025-10-13,Ghostbusters,1984,https://boxd.it/g2w
2025-10-13,Dirty Rotten Scoundrels,1988,https://boxd.it/1WZi
2025-10-13,12,2007,https://boxd.it/1D1e
2025-10-13,Liar Liar,1997,https://boxd.it/28sg
2025-10-13,Enemy of the State,1998,https://boxd.it/1XME
2025-10-13,Terminator 3: Rise of the Machines,2003,https://boxd.it/2aES
2025-10-13,The Bodyguard,1992,https://boxd.it/29Z6
2025-10-13,Blue Streak,1999,https://boxd.it/1UT8
2025-10-13,Vantage Point,2008,https://boxd.it/20Uw
2025-10-13,Commando,1985,https://boxd.it/1UTs
2025-10-13,Kickboxer,1989,https://boxd.it/1WMy
2025-10-13,Gothika,2003,https://boxd.it/23y4
2025-10-13,The Taking of Pelham 1 2 3,2009,https://boxd.it/1GS6
2025-10-13,The Mothman Prophecies,2002,https://boxd.it/26xo
2025-10-13,Enough,2002,https://boxd.it/27Lw
2025-10-13,Waterboys,2001,https://boxd.it/1kto
2025-10-13,Swing Girls,2004,https://boxd.it/1ag0
2025-10-13,The Magic Hour,2008,https://boxd.it/Nm0
2025-10-13,Love in the Buff,2012,https://boxd.it/3AiU
2025-10-13,Oppai Volleyball,2009,https://boxd.it/1oJ6
2025-10-13,Resident Evil: Retribution,2012,https://boxd.it/2qmK
2025-10-13,End of Watch,2012,https://boxd.it/2F5O
2025-10-13,Troubleshooter,2010,https://boxd.it/oLk
2025-10-13,Night and the City,1992,https://boxd.it/1aTG
2025-10-13,Wag the Dog,1997,https://boxd.it/2a3W
2025-10-13,Jacknife,1989,https://boxd.it/13ec
2025-10-13,Stanley & Iris,1990,https://boxd.it/1blK
2025-10-13,Cyborg She,2008,https://boxd.it/1F40
2025-10-13,My Way,2011,https://boxd.it/3heY
2025-10-13,Windstruck,2004,https://boxd.it/1X5g
2025-10-13,My Sassy Girl,2001,https://boxd.it/1Ury
2025-10-13,Mapado,2005,https://boxd.it/4PK2
2025-10-13,Madly in Love,1981,https://boxd.it/1TQC
2025-10-13,Love On-Air,2012,https://boxd.it/3hZg
2025-10-13,Import/Export,2007,https://boxd.it/23tS
2025-10-13,Clash of the Titans,2010,https://boxd.it/1GfI
2025-10-13,Kung Fu Panda,2008,https://boxd.it/1Yws
2025-10-13,Police Story,1985,https://boxd.it/1Zhe
2025-10-13,Operation Condor,1991,https://boxd.it/1UX0
2025-10-13,Shanghai Noon,2000,https://boxd.it/202a
2025-10-13,Shanghai Knights,2003,https://boxd.it/228a
2025-10-13,Rush Hour,1998,https://boxd.it/27pU
2025-10-13,Armour of God,1986,https://boxd.it/1UXa
2025-10-13,Shutter Island,2010,https://boxd.it/1U82
2025-10-13,72 Meters,2004,https://boxd.it/VFk
2025-10-13,K-19: The Widowmaker,2002,https://boxd.it/1ZYs
2025-10-13,The NeverEnding Story,1984,https://boxd.it/1dE0
2025-10-13,Outbreak,1995,https://boxd.it/21io
2025-10-13,Labyrinth,1986,https://boxd.it/1POC
2025-10-13,Mountain Patrol,2004,https://boxd.it/1KSO
2025-10-13,Never Been Kissed,1999,https://boxd.it/1U3c
2025-10-13,Camille,2008,https://boxd.it/1AC2
2025-10-13,Ted,2012,https://boxd.it/2pgc
2025-10-13,Ballad,2009,https://boxd.it/2APM
2025-10-13,Always: Sunset on Third Street '64,2012,https://boxd.it/40IY
2025-10-13,Always: Sunset on Third Street 2,2007,https://boxd.it/100w
2025-10-13,Cool Runnings,1993,https://boxd.it/29qg
2025-10-13,Rachel Getting Married,2008,https://boxd.it/1N30
2025-10-13,Brave,2012,https://boxd.it/bVG
2025-10-13,Always - Sunset on Third Street,2005,https://boxd.it/1Qcu
2025-10-13,Zodiac,2007,https://boxd.it/27MO
2025-10-13,Fight Club,1999,https://boxd.it/2a9q
2025-10-13,Spider-Man 2,2004,https://boxd.it/2a88
2025-10-13,Spider-Man 3,2007,https://boxd.it/2a7Y
2025-10-13,Spider-Man,2002,https://boxd.it/2a8i
2025-10-13,The Amazing Spider-Man,2012,https://boxd.it/27PI
2025-10-13,The Stone Council,2006,https://boxd.it/1Bog
2025-10-13,Valkyrie,2008,https://boxd.it/275g
2025-10-13,Tea with Mussolini,1999,https://boxd.it/1Wrg
2025-10-13,Suspect,1987,https://boxd.it/1Ryc
2025-10-13,Faithful,1996,https://boxd.it/Kz6
2025-10-13,Stuck on You,2003,https://boxd.it/287W
2025-10-13,The Incredibles,2004,https://boxd.it/1XLm
2025-10-13,Pineapple Express,2008,https://boxd.it/1WRS
2025-10-13,It Could Happen to You,1994,https://boxd.it/1VHC
2025-10-13,Leaving Las Vegas,1995,https://boxd.it/2amE
2025-10-13,8MM,1999,https://boxd.it/20sC
2025-10-13,City of Angels,1998,https://boxd.it/29Bo
2025-10-13,Gone in Sixty Seconds,2000,https://boxd.it/1Y4y
2025-10-13,A Certain Romance,1984,https://boxd.it/7xwC
2025-10-13,People I Know,2002,https://boxd.it/1TNS
2025-10-13,Cellular,2004,https://boxd.it/1XSC
2025-10-13,Bless the Child,2000,https://boxd.it/1WnI
2025-10-13,Cool World,1992,https://boxd.it/1Ou2
2025-10-13,The Getaway,1994,https://boxd.it/2wyM
2025-10-13,I Dreamed of Africa,2000,https://boxd.it/1C7g
2025-10-13,Blind Date,1987,https://boxd.it/29hI
2025-10-13,My Stepmother Is an Alien,1988,https://boxd.it/1SuK
2025-10-13,Final Analysis,1992,https://boxd.it/23MK
2025-10-13,Beautiful Joe,2000,https://boxd.it/1hO4
2025-10-13,Above the Law,1988,https://boxd.it/1YN4
2025-10-13,The Specialist,1994,https://boxd.it/26xy
2025-10-13,Antz,1998,https://boxd.it/1ZB4
2025-10-13,The Muse,1999,https://boxd.it/17Ga
2025-10-13,The Postman Always Rings Twice,1981,https://boxd.it/1UP6
2025-10-13,Terms of Endearment,1983,https://boxd.it/1ULo
2025-10-13,Anger Management,2003,https://boxd.it/1YvO
2025-10-13,Total Recall,1990,https://boxd.it/29qK
2025-10-13,Showgirls,1995,https://boxd.it/1Vmk
2025-10-13,Hollow Man,2000,https://boxd.it/1YP0
2025-10-13,Frost/Nixon,2008,https://boxd.it/1TI4
2025-10-13,Tremors,1990,https://boxd.it/1YSe
2025-10-13,The Hunchback of Notre Dame,1996,https://boxd.it/1VZQ
2025-10-13,If These Walls Could Talk,1996,https://boxd.it/1cCi
2025-10-13,We're No Angels,1989,https://boxd.it/22f6
2025-10-13,A Few Good Men,1992,https://boxd.it/29nw
2025-10-13,The Story of Us,1999,https://boxd.it/1SfU
2025-10-13,Bride & Prejudice,2004,https://boxd.it/lM0
2025-10-13,Ruby & Quentin,2003,https://boxd.it/216M
2025-10-13,The Pink Panther,2006,https://boxd.it/1Sys
2025-10-13,The Pink Panther 2,2009,https://boxd.it/1MHy
2025-10-13,Jaguar,1996,https://boxd.it/ud4
2025-10-13,Godzilla,1998,https://boxd.it/29fW
2025-10-13,Subway,1985,https://boxd.it/1VIg
2025-10-13,The Big Blue,1988,https://boxd.it/2aX6
2025-10-13,Jet Lag,2002,https://boxd.it/1HcA
2025-10-13,Practical Magic,1998,https://boxd.it/21HS
2025-10-13,The Stepford Wives,2004,https://boxd.it/1XBc
2025-10-13,The Green Hornet,2011,https://boxd.it/10TQ
2025-10-13,The Science of Sleep,2006,https://boxd.it/2aEe
2025-10-13,Beverly Hills Cop,1984,https://boxd.it/2baE
2025-10-13,Dark Blue Almost Black,2006,https://boxd.it/24ZK
2025-10-13,Summer Rain,2006,https://boxd.it/AOU
2025-10-13,The Musketeer,2001,https://boxd.it/1U0M
2025-10-13,The Umbrellas of Cherbourg,1964,https://boxd.it/22fK
2025-10-13,East/West,1999,https://boxd.it/1pxq
2025-10-13,The Hunger,1983,https://boxd.it/1Tk2
2025-10-13,A Christmas Tale,2008,https://boxd.it/1ZEs
2025-10-13,Enchanted,2007,https://boxd.it/24co
2025-10-13,Dead Man Walking,1995,https://boxd.it/29OC
2025-10-13,Moonlight Mile,2002,https://boxd.it/1k52
2025-10-13,Cats & Dogs,2001,https://boxd.it/1UUq
2025-10-13,Scoop,2006,https://boxd.it/2aeg
2025-10-13,Vicky Cristina Barcelona,2008,https://boxd.it/23rW
2025-10-13,Volver,2006,https://boxd.it/2aQO
2025-10-13,Broken Embraces,2009,https://boxd.it/20yU
2025-10-13,Frida,2002,https://boxd.it/28Vi
2025-10-13,Original Sin,2001,https://boxd.it/27xk
2025-10-13,25th Hour,2002,https://boxd.it/28LC
2025-10-13,"Black Cat, White Cat",1998,https://boxd.it/295s
2025-10-13,Life Is a Miracle,2004,https://boxd.it/1E1k
2025-10-13,Promise Me This,2007,https://boxd.it/20rE
2025-10-13,Maradona by Kusturica,2008,https://boxd.it/1ZC2
2025-10-13,What Happens in Vegas,2008,https://boxd.it/1Zlq
2025-10-13,Death Defying Acts,2007,https://boxd.it/1P9Y
2025-10-13,No Reservations,2007,https://boxd.it/256w
2025-10-13,Last Romance,1988,https://boxd.it/7xvY
2025-10-13,Pride & Prejudice,2005,https://boxd.it/24u8
2025-10-13,The Boat That Rocked,2009,https://boxd.it/1FZA
2025-10-13,Rock of Ages,2012,https://boxd.it/2OlG
2025-10-13,It,1990,https://boxd.it/26tG
2025-10-13,Tales from Earthsea,2006,https://boxd.it/17ae
2025-10-13,Horus: Prince of the Sun,1968,https://boxd.it/ymE
2025-10-13,Gauche the Cellist,1982,https://boxd.it/10nA
2025-10-13,Only Yesterday,1991,https://boxd.it/1MR4
2025-10-13,Whisper of the Heart,1995,https://boxd.it/17uy
2025-10-13,Moliere,2007,https://boxd.it/1BO4
2025-10-13,Children Who Chase Lost Voices,2011,https://boxd.it/2M6k
2025-10-13,Invisible Target,2007,https://boxd.it/1EYG
2025-10-13,Gone Baby Gone,2007,https://boxd.it/23R6
2025-10-13,Prometheus,2012,https://boxd.it/2s9e
2025-10-13,A Midsummer Night's Dream,1999,https://boxd.it/1WOu
2025-10-13,An Unfinished Life,2005,https://boxd.it/27N8
2025-10-13,The Back-Up Plan,2010,https://boxd.it/1ddS
2025-10-13,Tristan & Isolde,2006,https://boxd.it/1Zj0
2025-10-13,Valiant,2005,https://boxd.it/1OBM
2025-10-13,Legend of the Guardians: The Owls of Ga'Hoole,2010,https://boxd.it/ZUy
2025-10-13,The Chronicles of Narnia: Prince Caspian,2008,https://boxd.it/26Hy
2025-10-13,The Chronicles of Narnia: The Voyage of the Dawn Treader,2010,https://boxd.it/1WZs
2025-10-13,Wedding Daze,2006,https://boxd.it/20NU
2025-10-13,Jersey Girl,2004,https://boxd.it/1Yqa
2025-10-13,American Pie,1999,https://boxd.it/27qy
2025-10-13,Apollo 13,1995,https://boxd.it/2a6G
2025-10-13,Home Alone 2: Lost in New York,1992,https://boxd.it/29F6
2025-10-13,Ri¢hie Ri¢h,1994,https://boxd.it/1URw
2025-10-13,The Royal Tenenbaums,2001,https://boxd.it/1YHU
2025-10-13,Night at the Museum,2006,https://boxd.it/28wi
2025-10-13,Madagascar: Escape 2 Africa,2008,https://boxd.it/1W2K
2025-10-13,Madagascar,2005,https://boxd.it/29dc
2025-10-13,Shrek Forever After,2010,https://boxd.it/1WRo
2025-10-13,Thelma & Louise,1991,https://boxd.it/28Ew
2025-10-14,Yojimbo,1961,https://boxd.it/1SRY
2025-10-14,Whiplash,2014,https://boxd.it/7bQA
2025-10-14,Reservoir Dogs,1992,https://boxd.it/2agc
2025-10-14,Poetry,2010,https://boxd.it/JAs
2025-10-14,Snatch,2000,https://boxd.it/2b7U
2025-10-15,The Hidden Fortress,1958,https://boxd.it/295M
2025-10-16,Mirror,1975,https://boxd.it/28Q8
2025-10-16,Damsel,2018,https://boxd.it/eBqs
2025-10-16,Big Little Lies,2017,https://boxd.it/fYde
2025-10-16,Bangkok Hilton,1989,https://boxd.it/1qsm
2025-10-19,The Usual Suspects,1995,https://boxd.it/29XE
2025-10-26,After the Hunt,2025,https://boxd.it/Mdra
2025-10-27,Argylle,2024,https://boxd.it/w1kk
2025-10-27,A House of Dynamite,2025,https://boxd.it/NcXc
2025-10-27,Good Time,2017,https://boxd.it/fcFu
2025-10-28,Jules and Jim,1962,https://boxd.it/28rM
2025-10-29,Le Beau Serge,1958,https://boxd.it/22Vm
2025-10-29,Vivre Sa Vie,1962,https://boxd.it/28s6
2025-10-29,Pickpocket,1959,https://boxd.it/29O8
2025-10-30,Make Way for Tomorrow,1937,https://boxd.it/10hC
2025-10-30,Twin Peaks: The Return,2017,https://boxd.it/hN9O
2025-10-30,Twin Peaks,1989,https://boxd.it/g8pk
2025-11-03,Enemy Mine,1985,https://boxd.it/1SU4
2025-11-10,Frankenstein,2025,https://boxd.it/Ecsg
2025-11-15,Now You See Me: Now You Don't,2025,https://boxd.it/f3i2
2025-11-15,Sherlock Jr.,1924,https://boxd.it/298m
2025-11-15,8 ½ $,1999,https://boxd.it/3ldq
2025-11-16,The Phoenician Scheme,2025,https://boxd.it/H0Ca
2025-11-16,Kung Fu Panda 3,2016,https://boxd.it/4uRQ
2025-11-16,Caught Stealing,2025,https://boxd.it/LnyS
2025-11-17,Roofman,2025,https://boxd.it/LcIW
2025-11-17,You Drive Me Crazy,2025,https://boxd.it/Vjcy
2025-11-24,Weapons,2025,https://boxd.it/EMTM
2025-11-25,The Zero Theorem,2013,https://boxd.it/4WDW
2025-11-25,Train Dreams,2025,https://boxd.it/LdDo
2025-11-28,No Other Choice,2025,https://boxd.it/nKiA
2025-12-07,Morozko,1924,https://boxd.it/CsJS
2025-12-07,Bugonia,2025,https://boxd.it/qeWY
2025-12-13,My Night at Maud's,1969,https://boxd.it/Hwo
2025-12-20,Moana,2016,https://boxd.it/8tfY
2025-12-20,Spirited,2022,https://boxd.it/nshk
2025-12-26,Kraken,2025,https://boxd.it/LVzA
2025-12-26,Moana 2,2024,https://boxd.it/LcjW
2025-12-26,Wake Up Dead Man,2025,https://boxd.it/uAKS
2025-12-27,Merv,2025,https://boxd.it/LP6s
2025-12-27,The Baltimorons,2025,https://boxd.it/SBYa
2025-12-27,The Mastermind,2025,https://boxd.it/Q7ge
2025-12-27,Nouvelle Vague,2025,https://boxd.it/LLLQ
2025-12-27,While You Were Sleeping,1995,https://boxd.it/27wm
2025-12-28,We're No Angels,1955,https://boxd.it/22dO
2025-12-29,Happy New Year,1973,https://boxd.it/2DlA
2025-12-30,The Bishop's Wife,1947,https://boxd.it/1F3m
2025-12-31,Father Mother Sister Brother,2025,https://boxd.it/HRoU
2025-12-31,Sentimental Value,2025,https://boxd.it/GwcG
2026-01-01,Sirāt,2025,https://boxd.it/HxJo
2026-01-01,What a Mess!,1995,https://boxd.it/3n96
2026-01-01,"There's Good Weather in Deribasovskaya, Or It's Raining Again in Brighton Beach",1993,https://boxd.it/lTK
2026-01-02,Eternity,2025,https://boxd.it/LYtK
2026-01-04,Tokyo Godfathers,2003,https://boxd.it/1Qg2
2026-01-04,The Zone of Interest,2023,https://boxd.it/gJsA
2026-01-10,Avatar: Fire and Ash,2025,https://boxd.it/2W7s
2026-01-10,Funny Games,1997,https://boxd.it/1WKM
2026-01-10,Amour,2012,https://boxd.it/34Q6
2026-01-11,The Piano Teacher,2001,https://boxd.it/2886
2026-01-17,Colours of Time,2025,https://boxd.it/KWqC
2026-01-17,Down by Law,1986,https://boxd.it/28CA
2026-01-18,The Seventh Continent,1989,https://boxd.it/1gB4
2026-01-18,Stranger Than Paradise,1984,https://boxd.it/2ajU
2026-01-18,The Great Beauty,2013,https://boxd.it/5ty6
2026-01-19,Caché,2005,https://boxd.it/2amY
2026-01-19,The Worst Person in the World,2021,https://boxd.it/oyws
2026-01-21,The Secret Agent,2025,https://boxd.it/KkUE
2026-01-24,if....,1968,https://boxd.it/1Nna
2026-01-24,The Warriors,1979,https://boxd.it/1TLC
2026-01-24,Sound of Falling,2025,https://boxd.it/Km9K
2026-01-24,The Wanderers,1979,https://boxd.it/2aOy
2026-01-25,La Haine,1995,https://boxd.it/2as8
2026-01-25,Marty Supreme,2025,https://boxd.it/Off0
2026-01-26,Streets of Fire,1984,https://boxd.it/1Nt8
2026-01-26,The Chorus,2004,https://boxd.it/22X8
2026-01-27,Prizzi's Honor,1985,https://boxd.it/27v4
2026-01-28,Bad Lieutenant,1992,https://boxd.it/1Src
2026-01-29,Dangerous Game,1993,https://boxd.it/Goo
2026-01-29,Blue Valentine,2010,https://boxd.it/MxG
2026-01-30,Flipped,2010,https://boxd.it/Tb8
2026-01-31,The Defiant Ones,1958,https://boxd.it/1TTQ
2026-01-31,Barton Fink,1991,https://boxd.it/2aFQ
2026-02-02,The Miracle Worker,1962,https://boxd.it/292I
2026-02-02,Brief Encounter,1945,https://boxd.it/29sm
2026-02-04,Nostalgia,1983,https://boxd.it/28Qi
2026-02-05,Children of Heaven,1997,https://boxd.it/1C5k
2026-02-05,Five Easy Pieces,1970,https://boxd.it/1tww
2026-02-05,Carnal Knowledge,1971,https://boxd.it/1au2
2026-02-06,Hamnet,2025,https://boxd.it/woVy
2026-02-09,The Life of David Gale,2003,https://boxd.it/1Tq0
2026-02-09,Juliet of the Spirits,1965,https://boxd.it/1FF6
2026-02-09,Shoeshine,1946,https://boxd.it/UoM
2026-02-09,The Swindle,1955,https://boxd.it/1bks
2026-02-10,Satyricon,1969,https://boxd.it/1UtY
2026-02-14,Mamma Roma,1962,https://boxd.it/JRo
2026-02-14,The Bride Wore Black,1968,https://boxd.it/24Ia
2026-02-15,Wuthering Heights,2026,https://boxd.it/OdIa
2026-02-15,Knife in the Water,1962,https://boxd.it/1THK
2026-02-15,Cul-de-sac,1966,https://boxd.it/23QW
2026-02-16,Johnny Guitar,1954,https://boxd.it/1tyW
2026-02-20,Duel,1971,https://boxd.it/29ui
2026-02-20,The Sugarland Express,1974,https://boxd.it/23la
2026-02-22,1941,1979,https://boxd.it/1TF0
2026-02-22,Tokyo Story,1953,https://boxd.it/1HuY
2026-02-22,There Was a Father,1942,https://boxd.it/1rWW
2026-02-22,"Paris, Texas",1984,https://boxd.it/29Ts
2026-02-24,Wrong Move,1975,https://boxd.it/1EcM
2026-02-24,Alice in the Cities,1974,https://boxd.it/27cG
2026-02-26,Kings of the Road,1976,https://boxd.it/1Vhk
2026-02-27,The State of Things,1982,https://boxd.it/1lui
2026-03-01,The American Friend,1977,https://boxd.it/1UkC
2026-03-02,The Gospel According to St. Matthew,1964,https://boxd.it/1y7c
2026-03-02,The Only Son,1936,https://boxd.it/zX2
2026-03-03,Perfect Days,2023,https://boxd.it/ATh8
2026-03-03,Accattone,1961,https://boxd.it/1RSw
2026-03-04,Mary,2005,https://boxd.it/n4
2026-03-06,The Stranger,2025,https://boxd.it/STpW
2026-03-06,Pigsty,1969,https://boxd.it/HR2
2026-03-06,Landscape in the Mist,1988,https://boxd.it/JRy
2026-03-06,Twins,1988,https://boxd.it/1YxK
2026-03-07,Resurrection,2025,https://boxd.it/x9DG
2026-03-07,A Private Life,2025,https://boxd.it/NeQs
2026-03-07,Oedipus Rex,1967,https://boxd.it/WgK
2026-03-07,Ordet,1955,https://boxd.it/Jiy
2026-03-08,Diary of a Country Priest,1951,https://boxd.it/UDC
2026-03-12,It Was Just an Accident,2025,https://boxd.it/TX2k
2026-03-12,Arco,2025,https://boxd.it/uh7C
2026-03-13,Medea,1969,https://boxd.it/1u1Y
2026-03-13,The Decameron,1971,https://boxd.it/1fdq
2026-03-15,The Voice of Hind Rajab,2025,https://boxd.it/UXdO
2026-03-15,The Passion of Joan of Arc,1928,https://boxd.it/29DO
2026-03-15,Metropolis,1927,https://boxd.it/71a
2026-03-16,Vampyr,1932,https://boxd.it/29DY
2026-03-17,The Devils,1971,https://boxd.it/1inI
2026-03-17,Mother Joan of the Angels,1961,https://boxd.it/3Nny
2026-03-17,Arabian Nights,1974,https://boxd.it/KO6
2026-03-19,Day of Wrath,1943,https://boxd.it/ZtM
2026-03-19,Theorem,1968,https://boxd.it/237C
2026-03-20,Grand Hotel,1932,https://boxd.it/1f2C
2026-03-20,The Double Life of Véronique,1991,https://boxd.it/28va
2026-03-22,Project Hail Mary,2026,https://boxd.it/pEeQ
2026-03-22,Sinners,2025,https://boxd.it/KQMM
2026-03-25,The Killing of a Sacred Deer,2017,https://boxd.it/dZ5G
2026-03-26,The Loneliness of the Long Distance Runner,1962,https://boxd.it/1KOM
2026-03-26,Brittany Runs a Marathon,2019,https://boxd.it/jgGE
2026-03-27,"Salò, or the 120 Days of Sodom",1975,https://boxd.it/237s
2026-03-29,The Sacrifice,1986,https://boxd.it/1xg8
2026-03-29,Sunrise: A Song of Two Humans,1927,https://boxd.it/29Xk
2026-03-29,Nosferatu,1922,https://boxd.it/29TM
2026-03-29,Thief,1981,https://boxd.it/1TEc
2026-03-29,Decalogue I,1989,https://boxd.it/3WmE
2026-03-29,Decalogue II,1989,https://boxd.it/C8Q
2026-03-29,Decalogue V,1989,https://boxd.it/3Wma
2026-03-29,Decalogue IV,1989,https://boxd.it/C8w
2026-03-29,Decalogue VI,1989,https://boxd.it/3WlQ
2026-03-29,Decalogue III,1989,https://boxd.it/3Wmu
2026-03-29,Decalogue VII,1989,https://boxd.it/3WlG
2026-03-29,Decalogue VIII,1989,https://boxd.it/C8m
2026-04-02,Kes,1969,https://boxd.it/1Qi8
2026-04-02,Man with a Movie Camera,1929,https://boxd.it/1u7s
2026-04-03,The Drama,2026,https://boxd.it/OA2w
2026-04-07,Decalogue X,1989,https://boxd.it/3Wlm
2026-04-07,Decalogue IX,1989,https://boxd.it/3Wlw
2026-04-07,Dekalog,1989,https://boxd.it/bv4u
2026-04-07,Battleship Potemkin,1925,https://boxd.it/29Vo
2026-04-07,Sons of the Neon Night,2025,https://boxd.it/hc3k
2026-04-07,Whistle Down the Wind,1961,https://boxd.it/1e4i
2026-04-07,I'm Not Scared,2003,https://boxd.it/1w2O
2026-04-11,Hope and Glory,1987,https://boxd.it/1hPQ
2026-04-12,The Emerald Forest,1985,https://boxd.it/1TCU
2026-04-12,Pather Panchali,1955,https://boxd.it/22yC
2026-04-13,Diamonds of the Night,1964,https://boxd.it/3rCG
2026-04-13,Cria!,1976,https://boxd.it/AoC
2026-04-14,When Father Was Away on Business,1985,https://boxd.it/1CuO
2026-04-15,Pelle the Conqueror,1987,https://boxd.it/1Usc
2026-04-15,Where Is the Friend's House?,1987,https://boxd.it/ELg
2026-04-16,Naked Childhood,1968,https://boxd.it/1jj8
2026-04-16,Good Morning,1959,https://boxd.it/2lkk
2026-04-16,"I Was Born, But...",1932,https://boxd.it/1pS4
2026-04-19,Celia,1989,https://boxd.it/2bAM
2026-05-15,La Vénus électrique,2026,https://boxd.it/TopS
2026-05-15,Butterfly Jam,2026,https://boxd.it/yGgi
2026-05-15,Atonement,2026,https://boxd.it/V6mU
2026-05-16,All of a Sudden,2026,https://boxd.it/UMOO
2026-05-16,Gentle Monster,2026,https://boxd.it/UEAa
2026-05-17,Paper Tiger,2026,https://boxd.it/RaaU
2026-05-18,Hope,2026,https://boxd.it/E3vU
2026-05-21,The Man I Love,2026,https://boxd.it/U3EO
2026-05-21,Sheep in the Box,2026,https://boxd.it/XV3y
2026-05-21,Minotaur,2026,https://boxd.it/w1Nc
2026-05-21,Parallel Tales,2026,https://boxd.it/HOdk
2026-05-21,Nagi Notes,2026,https://boxd.it/TCSY
2026-05-21,Another Day,2026,https://boxd.it/W4Lq
2026-05-21,A Man of His Time,2026,https://boxd.it/OkGA
2026-05-21,Moulin,2026,https://boxd.it/TcO2
2026-05-21,The Beloved,2026,https://boxd.it/ED8C
2026-05-21,The Samurai and the Prisoner,2026,https://boxd.it/10t6g
2026-05-21,Colony,2026,https://boxd.it/QXtO
2026-05-21,Roma elastica,2026,https://boxd.it/NHQ2
2026-05-21,Bitter Christmas,2026,https://boxd.it/Fbai
2026-05-21,Her Private Hell,2026,https://boxd.it/UtHY
2026-05-21,Fatherland,2026,https://boxd.it/TbK4
2026-05-21,Fjord,2026,https://boxd.it/RVja
2026-05-22,La Bola Negra,2026,https://boxd.it/SDaQ
2026-05-22,Coward,2026,https://boxd.it/TcSy
2026-05-22,Victorian Psycho,2026,https://boxd.it/R5ly
2026-05-22,Propeller One-Way Night Coach,2026,https://boxd.it/121LE
2026-05-22,The Match,2026,https://boxd.it/12aN0
2026-05-23,We Are Aliens,2026,https://boxd.it/VDcy
2026-05-23,The Birthday Party,2026,https://boxd.it/Jd66
2026-05-23,Diamond,2026,https://boxd.it/Yfxe
2026-06-01,The Devil Wears Prada 2,2026,https://boxd.it/Oags
2026-06-04,Fuze,2025,https://boxd.it/LcIM
2026-06-04,In the Grey,2026,https://boxd.it/Grji
2026-06-06,Backrooms,2026,https://boxd.it/EY6W
2026-06-10,The Wailing,2016,https://boxd.it/9fLy
2026-06-12,Disclosure Day,2026,https://boxd.it/MDJY
2026-06-13,The Legend of the Holy Drinker,1988,https://boxd.it/sV4
2026-06-13,Time of the Gypsies,1988,https://boxd.it/1E1Y
2026-06-14,Pierrot le Fou,1965,https://boxd.it/26j2
2026-06-14,The Cabinet of Dr. Caligari,1920,https://boxd.it/2aOo
2026-06-14,Taste of Cherry,1997,https://boxd.it/1m8W
2026-06-21,The Grand Master,1948,https://boxd.it/8QOi
2026-06-21,Report to Mother,1986,https://boxd.it/7DQe
2026-06-21,Without Anesthesia,1978,https://boxd.it/Xue
2026-06-21,The Vassal's Neck,1955,https://boxd.it/dZWg
2026-06-22,Death Takes a Holiday,1934,https://boxd.it/18MI
2026-06-22,Ten Dark Women,1961,https://boxd.it/47l8
2026-06-22,The Inner Palace Conspiracy,1951,https://boxd.it/Eu0k
2026-06-23,Jirokichi the Rat,1931,https://boxd.it/5HXO
2026-06-23,The Cycle,1977,https://boxd.it/2Zom
2026-06-23,Pressure,2026,https://boxd.it/Oj4A
2026-06-24,Before the Revolution,1964,https://boxd.it/W1K
2026-06-24,Quo Vadis?,1913,https://boxd.it/3Or2
2026-06-24,The Cloud-Capped Star,1960,https://boxd.it/ix2
2026-06-24,Runaway,1958,https://boxd.it/7CDI
2026-06-24,A River Called Titas,1973,https://boxd.it/3fUo
2026-06-24,Accident,1967,https://boxd.it/2AHS
2026-06-24,By the Law,1926,https://boxd.it/49pQ
2026-06-24,Ten Seconds to Hell,1959,https://boxd.it/1hNA
2026-06-26,Sanshiro Sugata,1943,https://boxd.it/1cWC
2026-06-27,All I Desire,1953,https://boxd.it/5Tk
2026-06-28,Ajantrik,1958,https://boxd.it/5aLK
2026-06-29,Young Frankenstein,1974,https://boxd.it/25To
2026-06-29,Forty Guns,1957,https://boxd.it/1NhG
2026-06-29,He Ran All the Way,1951,https://boxd.it/1vdQ
2026-06-29,What Price Glory,1926,https://boxd.it/3Klu
2026-06-29,Summer in the City,1971,https://boxd.it/932Q
2026-06-29,The Conspirator,1961,https://boxd.it/8NbM
2026-06-29,James Dean: Rebel Generation,2025,https://boxd.it/Xu7e
2026-06-29,A Dog's Life,1918,https://boxd.it/1b5s
2026-06-29,Shoulder Arms,1918,https://boxd.it/wBi
2026-06-29,PELECHIAN PROJECT,,https://boxd.it/14npE
2026-06-30,The Citizen,1977,https://boxd.it/6VtK
2026-06-30,The Golden Thread,1965,https://boxd.it/33HM
2026-06-30,"Reason, Debate and a Story",1974,https://boxd.it/5bNC
2026-06-30,Tuner,2025,https://boxd.it/POtS
2026-07-01,The Overcoat,1926,https://boxd.it/3zlI
2026-07-01,Clash by Night,1952,https://boxd.it/1ywm
2026-07-03,Calcutta 71,1972,https://boxd.it/7LnO
2026-07-03,Charulata,1964,https://boxd.it/1bVy
2026-07-03,Cléo from 5 to 7,1962,https://boxd.it/2agm
2026-07-04,The Student of Prague,1913,https://boxd.it/1paQ
2026-07-04,"Dr. Mabuse, the Gambler",1922,https://boxd.it/22dE
2026-07-04,Last Year at Marienbad,1961,https://boxd.it/24Qe
2026-07-05,Umberto D.,1952,https://boxd.it/29vg
2026-07-05,The Last Laugh,1924,https://boxd.it/22es
2026-07-05,The Testament of Dr. Mabuse,1933,https://boxd.it/1Sia
